{
"type": "FeatureCollection",
"name": "kigali_districts",
"crs": { "type": "name", "properties": { "name": "urn:ogc:def:crs:OGC:1.3:CRS84" } },
"features": [
{ "type": "Feature", "properties": { "district": "KICUKIRO" }, "geometry": { "type": "MultiPolygon", "coordinates": [ [ [ [ 30.236713286782404, -1.983045583220221 ], [ 30.236540159123855, -1.983263563092949 ], [ 30.236372796140763, -1.983474263180508 ], [ 30.236245590328966, -1.98369832151437 ], [ 30.236086585768202, -1.984018386330658 ], [ 30.235999724450711, -1.984245694850697 ], [ 30.235948396552949, -1.984342748769992 ], [ 30.235832191159481, -1.984562494034106 ], [ 30.235768626348673, -1.98501056429238 ], [ 30.236033507395113, -1.9851215690679 ], [ 30.235868159785202, -1.985282899005935 ], [ 30.235934693610869, -1.98550595815183 ], [ 30.235956913193423, -1.985751341649167 ], [ 30.235959646681081, -1.986098700987505 ], [ 30.235912693593001, -1.986688242473806 ], [ 30.235868426448722, -1.987201305824915 ], [ 30.235824161093635, -1.987714369174643 ], [ 30.235536139408964, -1.98916438098687 ], [ 30.235292197285251, -1.990003337769259 ], [ 30.235070770784048, -1.990748241168328 ], [ 30.234878891600662, -1.991571620502054 ], [ 30.234688152537476, -1.992467774631183 ], [ 30.234704982017526, -1.992788605594065 ], [ 30.234583322981106, -1.993090548151239 ], [ 30.234433866934335, -1.993780001666985 ], [ 30.234336896525132, -1.994300049419594 ], [ 30.234255753369158, -1.994735229365563 ], [ 30.234211409102134, -1.995316256058423 ], [ 30.234275192751657, -1.996436405630287 ], [ 30.234184845370525, -1.997418177858144 ], [ 30.234275426672962, -1.998100631851975 ], [ 30.234259568398294, -1.998404682867817 ], [ 30.234227817443767, -1.998820755738321 ], [ 30.234068861236285, -1.999492867953166 ], [ 30.234100721097931, -1.999876910859123 ], [ 30.23390995209737, -2.000517042066908 ], [ 30.233814620966623, -2.00115714149553 ], [ 30.233464817237198, -2.001893294681278 ], [ 30.232955963311525, -2.002725486961855 ], [ 30.232224461254816, -2.003557709989017 ], [ 30.23190644032935, -2.00419784021902 ], [ 30.231747466674882, -2.004709934951597 ], [ 30.231397647915333, -2.00538207782958 ], [ 30.230984278807348, -2.006470293535601 ], [ 30.23076168183934, -2.007014401817034 ], [ 30.230570880489612, -2.007462502732695 ], [ 30.230380142703865, -2.008326643970435 ], [ 30.230125745975769, -2.008934761321115 ], [ 30.230062260099814, -2.00986291444468 ], [ 30.230046480007648, -2.010807047708852 ], [ 30.22988753759445, -2.011575183390911 ], [ 30.229760395391285, -2.012311305476036 ], [ 30.229919539597081, -2.012983369714307 ], [ 30.229951416188772, -2.013431439029288 ], [ 30.230064933309912, -2.013685166665657 ], [ 30.229964400782269, -2.014073944212491 ], [ 30.229923400349239, -2.014232508555478 ], [ 30.229824352038538, -2.014615615040572 ], [ 30.229824443555639, -2.015287711754248 ], [ 30.229870260118954, -2.016785577742716 ], [ 30.229880228421557, -2.017066224481482 ], [ 30.229999574177928, -2.017291001896329 ], [ 30.229917120249119, -2.017679247781264 ], [ 30.229851322183833, -2.018170750462012 ], [ 30.229865510053198, -2.018731966963056 ], [ 30.229953544572119, -2.019442966526804 ], [ 30.230060280147306, -2.019879395826008 ], [ 30.230063780132987, -2.020776456399637 ], [ 30.230191111688885, -2.021384527603666 ], [ 30.230191189232166, -2.021928604199562 ], [ 30.230191269509568, -2.022504692586122 ], [ 30.230191394011435, -2.023368803903294 ], [ 30.230255146687913, -2.024360933402964 ], [ 30.230175691460872, -2.024793004478434 ], [ 30.230143925279261, -2.025113069973037 ], [ 30.230175817016914, -2.025689142940941 ], [ 30.230126879223459, -2.026157429814014 ], [ 30.230112284625186, -2.026297229573346 ], [ 30.229794244963195, -2.026777343358225 ], [ 30.229841090671307, -2.027530776934173 ], [ 30.229788715242567, -2.027661780064897 ], [ 30.229492286674493, -2.028553637620711 ], [ 30.229107200081273, -2.029485134068191 ], [ 30.229079028404254, -2.03050597913148 ], [ 30.229131312378968, -2.03140325880198 ], [ 30.229128108141929, -2.032000455482192 ], [ 30.22912639020581, -2.032319178107032 ], [ 30.228917885775822, -2.033724848820517 ], [ 30.228838743871584, -2.034559681076006 ], [ 30.228794461315957, -2.035320535915474 ], [ 30.22888648058397, -2.036357895149022 ], [ 30.228905090328865, -2.037755037078243 ], [ 30.22880977485098, -2.038619162858366 ], [ 30.228873464951452, -2.03906721753302 ], [ 30.228901747141915, -2.039918952873521 ], [ 30.228856996842453, -2.040765659108117 ], [ 30.228597820039749, -2.041987503040546 ], [ 30.228449457486541, -2.042884438662208 ], [ 30.228237468940819, -2.043872163942638 ], [ 30.228014073464113, -2.044842561748917 ], [ 30.22799416635559, -2.045088195438482 ], [ 30.227921837385846, -2.04598064771541 ], [ 30.227813709772867, -2.046523334191534 ], [ 30.227668113588543, -2.047254081040348 ], [ 30.227526547875929, -2.047956456798159 ], [ 30.227101553693593, -2.049050264475154 ], [ 30.226838737697012, -2.049882769495663 ], [ 30.226592810412566, -2.050772735760999 ], [ 30.226278288589448, -2.051610318393428 ], [ 30.225727103421914, -2.05268536308833 ], [ 30.225343955754617, -2.053321744310784 ], [ 30.224933493492415, -2.05400349520538 ], [ 30.224653941194664, -2.054744196182889 ], [ 30.22417919526859, -2.055482442917483 ], [ 30.223490274815134, -2.056550003292268 ], [ 30.222779680888497, -2.05737686842618 ], [ 30.222456503263487, -2.057687653606002 ], [ 30.221901178649233, -2.058464943214517 ], [ 30.221235615945414, -2.05945838696115 ], [ 30.220501319899228, -2.060422331768189 ], [ 30.220183329003117, -2.060836232141857 ], [ 30.2198294606928, -2.061518750239552 ], [ 30.219190244111349, -2.062127851804301 ], [ 30.218471260396591, -2.063201866125621 ], [ 30.217853308506815, -2.063881055835849 ], [ 30.217182199739, -2.064840079657234 ], [ 30.216493202375752, -2.065919093468908 ], [ 30.216178803798538, -2.066733787016296 ], [ 30.215556133995072, -2.068288804542296 ], [ 30.215353038443943, -2.069757516209704 ], [ 30.215310209003263, -2.070249316733943 ], [ 30.214951888302803, -2.071756151889298 ], [ 30.215004922027688, -2.072569750518015 ], [ 30.214801823617272, -2.073522072995571 ], [ 30.214803668056735, -2.074759836406975 ], [ 30.214787963832606, -2.074954053826228 ], [ 30.214612585492652, -2.075060841674891 ], [ 30.214112636560824, -2.075151849615335 ], [ 30.213669564183895, -2.075340895678592 ], [ 30.212990815727185, -2.075584217460617 ], [ 30.212524899464224, -2.075750078243192 ], [ 30.211978402380492, -2.075954997229718 ], [ 30.211816305486586, -2.07620483494659 ], [ 30.211469390302828, -2.076519728703297 ], [ 30.211111570740247, -2.076614517088113 ], [ 30.210532542213908, -2.076858433190997 ], [ 30.209961327300782, -2.076685589367706 ], [ 30.209687398117261, -2.076520447713047 ], [ 30.209586318542961, -2.076743006365509 ], [ 30.209629038260331, -2.07747219068078 ], [ 30.209736978644873, -2.078092573672846 ], [ 30.209551115059885, -2.0784884446671 ], [ 30.209032322610213, -2.078844897400487 ], [ 30.208563375453878, -2.079231019911688 ], [ 30.207493851687587, -2.079598049461776 ], [ 30.207328597714746, -2.079237394295236 ], [ 30.207307674810735, -2.078983401700434 ], [ 30.207213453830068, -2.078452901906806 ], [ 30.207156906269191, -2.078111854222365 ], [ 30.207138030092747, -2.077751870688157 ], [ 30.207112373351585, -2.077664675004151 ], [ 30.20704377829858, -2.077107677977626 ], [ 30.207013885544843, -2.076751022422828 ], [ 30.206949524840397, -2.076387711996014 ], [ 30.206685785073894, -2.075800388435475 ], [ 30.206365574336917, -2.075326743408105 ], [ 30.205919392898803, -2.074813227081669 ], [ 30.205131485044276, -2.074500270926956 ], [ 30.204833650044222, -2.074370563878601 ], [ 30.204568065435105, -2.074116258422438 ], [ 30.20441842071876, -2.073984957377843 ], [ 30.204136665321396, -2.073737745666692 ], [ 30.204143040075753, -2.073204980407666 ], [ 30.204199463165317, -2.072560772323067 ], [ 30.20444809262488, -2.071918047910412 ], [ 30.204575922799389, -2.071274621034421 ], [ 30.205215359039482, -2.070545326808364 ], [ 30.205897389148149, -2.069472875106419 ], [ 30.205982578283642, -2.068872335153886 ], [ 30.206077657946583, -2.068306479266114 ], [ 30.206067704573126, -2.067757074424605 ], [ 30.20602498551585, -2.06707076119801 ], [ 30.205743009306101, -2.066971207117387 ], [ 30.205470754066727, -2.067328206938756 ], [ 30.204959196002694, -2.067885907330526 ], [ 30.204447607141788, -2.068100435045996 ], [ 30.203893329520977, -2.068057611769675 ], [ 30.203466959551371, -2.067843193665856 ], [ 30.203251767354793, -2.067486475851287 ], [ 30.203323972519218, -2.066744009796174 ], [ 30.203386801790639, -2.066549605380142 ], [ 30.203475443609427, -2.066462285425086 ], [ 30.203690135548062, -2.066005169757414 ], [ 30.203181656310377, -2.065948393747885 ], [ 30.202580220163664, -2.066000326291168 ], [ 30.201901049209837, -2.066081179050562 ], [ 30.201334989836631, -2.066299269880009 ], [ 30.200823354160796, -2.066170655452882 ], [ 30.200354327568487, -2.065913351359654 ], [ 30.200055398907551, -2.065569850293152 ], [ 30.200034491512188, -2.065377211190619 ], [ 30.200034413751538, -2.064733784407025 ], [ 30.200204855308286, -2.064004553273914 ], [ 30.200503235702385, -2.063403997246047 ], [ 30.20022452710792, -2.062727775387754 ], [ 30.199791345394949, -2.062424678159007 ], [ 30.198985077005375, -2.062366074183525 ], [ 30.198642537894081, -2.062216401199559 ], [ 30.198229357045644, -2.061978687675566 ], [ 30.198158074637128, -2.061602720660578 ], [ 30.19837118811693, -2.061130857051697 ], [ 30.198243185135734, -2.060401672452302 ], [ 30.198371030692964, -2.059844018655641 ], [ 30.198541519770092, -2.059415056287433 ], [ 30.198797243053331, -2.058685824512004 ], [ 30.198806696822366, -2.058178947386997 ], [ 30.198808087096296, -2.057921345639596 ], [ 30.198773788471733, -2.057536474276244 ], [ 30.198413391461354, -2.057656400574231 ], [ 30.19785920673996, -2.05821410129581 ], [ 30.197518230116152, -2.0590720249926 ], [ 30.196964046931377, -2.059758416829456 ], [ 30.196409894466221, -2.060530582250319 ], [ 30.195855726354399, -2.061259861555737 ], [ 30.195478608824818, -2.061724179494807 ], [ 30.194687653803047, -2.061856902672183 ], [ 30.194499337283126, -2.061875869380443 ], [ 30.194350395630519, -2.061795470939844 ], [ 30.193937199448609, -2.061774832485094 ], [ 30.193382905269448, -2.061517527477435 ], [ 30.192785970040958, -2.061260237399398 ], [ 30.192402212343886, -2.060831339297885 ], [ 30.192146299164332, -2.059973478073042 ], [ 30.192188830750506, -2.059201374274019 ], [ 30.192099563622588, -2.058483533132701 ], [ 30.191849104377841, -2.058085348913024 ], [ 30.191473096593889, -2.057548178647996 ], [ 30.19098800721758, -2.057009649360789 ], [ 30.190829127977118, -2.056664148569701 ], [ 30.19048638633739, -2.056344959283266 ], [ 30.190545825004229, -2.055967867163254 ], [ 30.190589591087232, -2.05557698054653 ], [ 30.190760078975831, -2.055190904820144 ], [ 30.190845314957492, -2.054847732546336 ], [ 30.19114371265989, -2.054547430566898 ], [ 30.191484766565441, -2.054247129731208 ], [ 30.191899963574436, -2.054236224507707 ], [ 30.192055701465854, -2.054173058372446 ], [ 30.192507976642851, -2.053989652211727 ], [ 30.19289167246739, -2.053775124230249 ], [ 30.1931048024327, -2.05338904946906 ], [ 30.193241055545489, -2.053121353929411 ], [ 30.192949439536033, -2.052740029103504 ], [ 30.192216923113183, -2.052695611089498 ], [ 30.191472077928442, -2.052407246894166 ], [ 30.191243901569536, -2.052135302850947 ], [ 30.191315434808377, -2.051758539381139 ], [ 30.191221196785801, -2.051171200759113 ], [ 30.190769920661758, -2.050600767396687 ], [ 30.190604683851763, -2.050369694702965 ], [ 30.190461008232596, -2.049957809437419 ], [ 30.190375693130679, -2.049485976098846 ], [ 30.190392287501815, -2.048765026082818 ], [ 30.190332894689256, -2.048113364592572 ], [ 30.190332817311177, -2.047427051307375 ], [ 30.190055606825023, -2.046805105935931 ], [ 30.189629223207671, -2.046419109522147 ], [ 30.189245463530131, -2.046033097968092 ], [ 30.188678201057417, -2.045847379827122 ], [ 30.188075500245517, -2.04533587878482 ], [ 30.187966294877111, -2.04504668590503 ], [ 30.188179408337071, -2.044531919404292 ], [ 30.188528291603937, -2.044144984463161 ], [ 30.188640339674478, -2.044104253184282 ], [ 30.188869720098843, -2.043947283423662 ], [ 30.188947752968684, -2.043837230559181 ], [ 30.189064818242887, -2.04373583311678 ], [ 30.189186414741894, -2.043630515272462 ], [ 30.189261729511287, -2.043554723938812 ], [ 30.189242837207718, -2.043005258709006 ], [ 30.188658980975788, -2.042550595304036 ], [ 30.187961730503993, -2.042229905737922 ], [ 30.187519924059057, -2.042184253396838 ], [ 30.186976630202992, -2.041793819931256 ], [ 30.186644169690044, -2.04127211603774 ], [ 30.186439571166034, -2.040726414924221 ], [ 30.186345616162338, -2.040285580163803 ], [ 30.186089751148259, -2.039813762616726 ], [ 30.185946763048985, -2.039348866270014 ], [ 30.185136900615166, -2.039079906259604 ], [ 30.184506512141265, -2.038871565375085 ], [ 30.183875122477343, -2.038553328999253 ], [ 30.183284719401822, -2.038678662164809 ], [ 30.182945165301266, -2.038834679573918 ], [ 30.182328322463743, -2.038607855747746 ], [ 30.182337697995273, -2.038098416741601 ], [ 30.182236570498521, -2.03726511620232 ], [ 30.182364792333313, -2.036591457361238 ], [ 30.182294867999484, -2.036253955811695 ], [ 30.182038971483767, -2.035524771594508 ], [ 30.181436505239887, -2.035409328830519 ], [ 30.180759896491782, -2.035224658103298 ], [ 30.180418794409661, -2.034924435591647 ], [ 30.180202383712857, -2.034555921610831 ], [ 30.180120256756691, -2.03406657417823 ], [ 30.179825656226527, -2.033779131504037 ], [ 30.179453976319991, -2.033787412597476 ], [ 30.179223017698437, -2.033741307240929 ], [ 30.179080530293639, -2.033913057175169 ], [ 30.178981028272233, -2.034032968616013 ], [ 30.178821165225688, -2.034935481416942 ], [ 30.178643599547637, -2.035420689314012 ], [ 30.178348718032737, -2.036314921564305 ], [ 30.1779427084827, -2.036337200642508 ], [ 30.177038736828415, -2.036166778668324 ], [ 30.176153591420832, -2.03586371283906 ], [ 30.175584921869081, -2.035690353479121 ], [ 30.174920579039071, -2.035390005905756 ], [ 30.174604821734434, -2.035217427136113 ], [ 30.174383254724845, -2.034897611716961 ], [ 30.174289018384751, -2.034196580872837 ], [ 30.174833530154906, -2.03376690065825 ], [ 30.175686158044009, -2.033166280996267 ], [ 30.175024580875057, -2.033135721551492 ], [ 30.174665541721289, -2.033097615722419 ], [ 30.174420676317794, -2.032699744746264 ], [ 30.174364159734335, -2.032434503602952 ], [ 30.174279094745426, -2.032051178592178 ], [ 30.174193749235354, -2.031364880132906 ], [ 30.174065792707523, -2.030935949523577 ], [ 30.173937821327804, -2.030249652025745 ], [ 30.173667096347465, -2.029971457933756 ], [ 30.173340838172226, -2.029263130500655 ], [ 30.172876015720163, -2.028777877372551 ], [ 30.172499054291315, -2.028775831286056 ], [ 30.172056653597462, -2.028838934722884 ], [ 30.171763398298172, -2.029649346485114 ], [ 30.171903182136866, -2.030686129669963 ], [ 30.172004262581414, -2.031105309852237 ], [ 30.171812211832947, -2.031589502112932 ], [ 30.171626895849833, -2.03188485106751 ], [ 30.171237934309502, -2.031771689601695 ], [ 30.170315117004304, -2.031411784435697 ], [ 30.169674788501801, -2.030995024457676 ], [ 30.168963867368511, -2.030671897006085 ], [ 30.168160708333694, -2.030564422882267 ], [ 30.167713042701163, -2.030541597157954 ], [ 30.167099497622321, -2.03040217218112 ], [ 30.166517484587182, -2.030807010468779 ], [ 30.16652989196573, -2.031885867874328 ], [ 30.166322824786153, -2.03271956030392 ], [ 30.166050709977618, -2.032952835709057 ], [ 30.165682608579573, -2.033515394927776 ], [ 30.165070171981117, -2.033510567703528 ], [ 30.164643803818894, -2.033381922580801 ], [ 30.164217435296134, -2.033124601983031 ], [ 30.163918975575502, -2.032953055696819 ], [ 30.163573295741479, -2.032492471693374 ], [ 30.163449901324491, -2.032009420287942 ], [ 30.163328336166888, -2.031166199756891 ], [ 30.163403618732133, -2.030654620021701 ], [ 30.163408650235279, -2.030502585952558 ], [ 30.163422400291815, -2.030086201670768 ], [ 30.163327210749355, -2.029976086141221 ], [ 30.162970390767541, -2.029783103870545 ], [ 30.162687899839881, -2.029726296258885 ], [ 30.161914788343534, -2.029392998618419 ], [ 30.16146382648348, -2.029216036851618 ], [ 30.161526060978883, -2.029445447579939 ], [ 30.161636188132505, -2.029851380335371 ], [ 30.161860600345321, -2.030708599679182 ], [ 30.161908835498753, -2.031236739987126 ], [ 30.161930789621049, -2.031477062347087 ], [ 30.161716237523542, -2.031872198849323 ], [ 30.16122319613072, -2.032110366147812 ], [ 30.160939157918449, -2.032119193076796 ], [ 30.160432162730519, -2.032039747615058 ], [ 30.159626848250081, -2.031610082633127 ], [ 30.159224948383041, -2.031329405401387 ], [ 30.159016319037359, -2.031183715449979 ], [ 30.158656732412304, -2.030909880519189 ], [ 30.158317521921795, -2.030896053353691 ], [ 30.15802312470457, -2.031335483447446 ], [ 30.158001921752561, -2.032426870333055 ], [ 30.158029875779715, -2.033359084511421 ], [ 30.157990500895092, -2.034178948815663 ], [ 30.157916561400118, -2.03448737456322 ], [ 30.157817450279225, -2.034900712981853 ], [ 30.157519990295615, -2.035533546238674 ], [ 30.156844741890595, -2.035908778961454 ], [ 30.156218305654505, -2.036083388988467 ], [ 30.15572545019219, -2.036052189272998 ], [ 30.155395489812886, -2.035850175491188 ], [ 30.154951870275259, -2.035578575570137 ], [ 30.154532564195701, -2.034994346272844 ], [ 30.154121273872065, -2.03455510405918 ], [ 30.153518307039484, -2.034216150487354 ], [ 30.152967373113473, -2.034084052807585 ], [ 30.152827963827125, -2.034125893067745 ], [ 30.152370765995411, -2.034263067639817 ], [ 30.151836785501629, -2.034830737274767 ], [ 30.151784910580435, -2.035117633133436 ], [ 30.151623796778519, -2.036008616519851 ], [ 30.151426903203916, -2.03690091110332 ], [ 30.151204772255863, -2.037498686300335 ], [ 30.150843562413655, -2.037550307203616 ], [ 30.15066902677485, -2.03757525828361 ], [ 30.15029159705043, -2.037629206823984 ], [ 30.149824617825704, -2.03768531080994 ], [ 30.149264417483664, -2.038121928940708 ], [ 30.148720859263044, -2.038929091190586 ], [ 30.14824975525929, -2.039625248517055 ], [ 30.147855872287934, -2.040233396960682 ], [ 30.147700696575669, -2.040456565108067 ], [ 30.147434472310138, -2.040839437790444 ], [ 30.147215170313455, -2.040923804763783 ], [ 30.146924914005549, -2.040725479343098 ], [ 30.146610750431801, -2.040108315513654 ], [ 30.146456090239372, -2.039671932038116 ], [ 30.146131239289637, -2.039443922095093 ], [ 30.145476334070249, -2.039494401888699 ], [ 30.144885367951488, -2.03980690615689 ], [ 30.144195775479986, -2.040398634114012 ], [ 30.143879487392393, -2.040677047317253 ], [ 30.14326786360775, -2.04098508222036 ], [ 30.142829932058241, -2.040946617340147 ], [ 30.142512784522577, -2.040534356824677 ], [ 30.142302467762004, -2.040059680890427 ], [ 30.142218871411362, -2.039871011019739 ], [ 30.142026241461551, -2.03926682950894 ], [ 30.141988396649861, -2.038825056395963 ], [ 30.1419241451263, -2.038521598873979 ], [ 30.141644467505937, -2.038502773186343 ], [ 30.14113615933536, -2.038837743355003 ], [ 30.140650446023834, -2.039715868105688 ], [ 30.140114872289512, -2.040371029534859 ], [ 30.139695144391553, -2.040606399403022 ], [ 30.139164335154319, -2.0407043899157 ], [ 30.138741715827862, -2.040571418844211 ], [ 30.138317738053203, -2.040268101745006 ], [ 30.137902120103444, -2.039861122556098 ], [ 30.137528173304325, -2.039509107355829 ], [ 30.137229901229958, -2.039458174676837 ], [ 30.136817751781418, -2.039783286792558 ], [ 30.136924645139572, -2.040556107607328 ], [ 30.137274918488188, -2.041394049325555 ], [ 30.137812884238699, -2.042207694912054 ], [ 30.1380829997238, -2.042758395847522 ], [ 30.138037780434527, -2.043419445582582 ], [ 30.137803805766008, -2.043676579815707 ], [ 30.137307764453272, -2.043822676063191 ], [ 30.13690520818146, -2.043632426993276 ], [ 30.13665462452381, -2.043514000426027 ], [ 30.136055564356834, -2.043089835733886 ], [ 30.13558588119453, -2.042800642934786 ], [ 30.135321767075414, -2.042721852820714 ], [ 30.135079167550504, -2.042755724949833 ], [ 30.134753815975131, -2.043048011445278 ], [ 30.13468572131805, -2.04342143123164 ], [ 30.135068230208137, -2.043987489777037 ], [ 30.135557209495463, -2.04439857775472 ], [ 30.13618037958971, -2.044684442643944 ], [ 30.136659843648868, -2.045051848137101 ], [ 30.137031852307697, -2.045739990019621 ], [ 30.136940101198782, -2.046309266907936 ], [ 30.136296304976689, -2.046606006497782 ], [ 30.135862701944788, -2.046777162832964 ], [ 30.135691010226569, -2.046844937627064 ], [ 30.135094575178204, -2.047337050206741 ], [ 30.134885055327757, -2.047499630326493 ], [ 30.134608487143193, -2.047584388522257 ], [ 30.134353918879569, -2.047553875909607 ], [ 30.134147132911998, -2.047189220763076 ], [ 30.134037411721071, -2.046639738437376 ], [ 30.133999973213506, -2.045958533764736 ], [ 30.133984722503534, -2.045475170232391 ], [ 30.133830078747284, -2.044748704243082 ], [ 30.133594760806851, -2.044253014346249 ], [ 30.133251674063363, -2.044036627201363 ], [ 30.132832212830913, -2.044183380467037 ], [ 30.132399390490551, -2.044334789014219 ], [ 30.132145853301733, -2.044648932239036 ], [ 30.131680076810348, -2.045226021725935 ], [ 30.131427557230694, -2.04560950321262 ], [ 30.13107553359821, -2.046144096824076 ], [ 30.130877748174793, -2.046367482278888 ], [ 30.130552646574117, -2.046734638020223 ], [ 30.130398752932045, -2.046908419106519 ], [ 30.129841584624586, -2.047372877700997 ], [ 30.129112194029119, -2.048215600258374 ], [ 30.128615682351683, -2.04888430640714 ], [ 30.12884701619112, -2.049165905971987 ], [ 30.129517890533208, -2.049398494962998 ], [ 30.129938587943389, -2.049867593198687 ], [ 30.129693441718643, -2.050454025204713 ], [ 30.129042849424351, -2.051050113417568 ], [ 30.128794359783353, -2.051326338694227 ], [ 30.128311458753803, -2.05186315013739 ], [ 30.127915450008395, -2.052494327977787 ], [ 30.12764858506312, -2.052648096202156 ], [ 30.127390844529849, -2.052504797451694 ], [ 30.126859207875743, -2.051622047246503 ], [ 30.126219115393674, -2.050641025597403 ], [ 30.125509223514332, -2.050107103986023 ], [ 30.124726206290287, -2.049891406280304 ], [ 30.124178725736261, -2.049906623873939 ], [ 30.123681652431372, -2.049921497293056 ], [ 30.123521070440844, -2.050027362524306 ], [ 30.122896275470122, -2.051588458796262 ], [ 30.12272441254887, -2.052585650222489 ], [ 30.123305410736723, -2.053511005644781 ], [ 30.123774202627384, -2.054257641949528 ], [ 30.124124164133324, -2.055255006167641 ], [ 30.125343425575771, -2.054954422658977 ], [ 30.125706715257209, -2.055407804511814 ], [ 30.125552961968619, -2.055668998991651 ], [ 30.12453240743115, -2.055900323625078 ], [ 30.123774328729723, -2.056047060557788 ], [ 30.122766135020498, -2.056107696044096 ], [ 30.121820801050728, -2.056164550912992 ], [ 30.120916952847594, -2.056457961777243 ], [ 30.120275516188087, -2.056692691703653 ], [ 30.119634112248892, -2.057514103998744 ], [ 30.119429545547007, -2.0591508324523 ], [ 30.118922774488578, -2.0598302969021 ], [ 30.118922769095164, -2.059830303233635 ], [ 30.118554714632957, -2.05964400674911 ], [ 30.118219784202971, -2.059300944554685 ], [ 30.117943872053171, -2.058886107364028 ], [ 30.117929230526784, -2.058190933857516 ], [ 30.118584480098942, -2.057895538062925 ], [ 30.118467757450038, -2.056663491978303 ], [ 30.118467662841244, -2.055490112207381 ], [ 30.118059420371672, -2.054932787522588 ], [ 30.117377467092929, -2.054973142911549 ], [ 30.117064383102598, -2.055951087775762 ], [ 30.116750798140558, -2.056930547572603 ], [ 30.116407025450371, -2.057728803709584 ], [ 30.116131144547765, -2.05836938810827 ], [ 30.115984578878948, -2.058610507047324 ], [ 30.115033683119002, -2.059136054243398 ], [ 30.113917424048239, -2.059956294095332 ], [ 30.112916744697586, -2.059739767091448 ], [ 30.112857743231086, -2.058646613920003 ], [ 30.111441149463975, -2.059443559519298 ], [ 30.111068234957024, -2.059515162689996 ], [ 30.110667992457586, -2.059315274550924 ], [ 30.110613005760019, -2.058733186566989 ], [ 30.111557526028474, -2.057309358807676 ], [ 30.110470861820467, -2.056682868662622 ], [ 30.109784877473633, -2.056567801025306 ], [ 30.109109285284973, -2.057774131529416 ], [ 30.108904968081919, -2.058597418060613 ], [ 30.108425276852035, -2.05907491552205 ], [ 30.108425270559607, -2.059074921853612 ], [ 30.107941822610883, -2.058783511408912 ], [ 30.107363418022512, -2.058071433744213 ], [ 30.106271596828037, -2.057627599446017 ], [ 30.105727944280297, -2.057638504513546 ], [ 30.105142947813476, -2.057720481747941 ], [ 30.104672795929197, -2.058271542472366 ], [ 30.104456745302841, -2.059642826333937 ], [ 30.104081815229755, -2.060039057445042 ], [ 30.103585601371723, -2.059874352235448 ], [ 30.10356852145971, -2.058952638944645 ], [ 30.103547349920092, -2.057996582258018 ], [ 30.103545458360173, -2.057632552521767 ], [ 30.103542177801412, -2.057002359575223 ], [ 30.103539208427087, -2.056429863070064 ], [ 30.103130980085222, -2.056019196656935 ], [ 30.102285413458024, -2.056019259508103 ], [ 30.101646853035412, -2.056321326065135 ], [ 30.101339144199855, -2.057117693064821 ], [ 30.101560101552803, -2.057827582838885 ], [ 30.101163062767277, -2.058327553841838 ], [ 30.100443717603987, -2.058049251545092 ], [ 30.100075460344147, -2.058076561988206 ], [ 30.099396350897536, -2.057722530944618 ], [ 30.098766072047869, -2.058281637865507 ], [ 30.098624303882669, -2.059774442552425 ], [ 30.098326155911543, -2.061194628040523 ], [ 30.097648845916591, -2.062474654892714 ], [ 30.097136302713569, -2.063435850244721 ], [ 30.096461475220217, -2.064171536058155 ], [ 30.095728959488454, -2.064534346982572 ], [ 30.095540752482989, -2.063911715431562 ], [ 30.095753818908882, -2.062743037785901 ], [ 30.095539454713062, -2.062139841644156 ], [ 30.095210227455251, -2.061213441031514 ], [ 30.094813672963713, -2.06102776920986 ], [ 30.094664919764615, -2.060958119415347 ], [ 30.094204096493609, -2.061004974636858 ], [ 30.094070280801247, -2.061088561630251 ], [ 30.093945090507702, -2.061166757597311 ], [ 30.094205268982535, -2.061910909325966 ], [ 30.094238098385453, -2.062879932719232 ], [ 30.093698586590662, -2.06361799255909 ], [ 30.093069182368371, -2.063878843280395 ], [ 30.092348868614803, -2.064177380141305 ], [ 30.091315064983643, -2.064119917357198 ], [ 30.091011792750177, -2.063721390273419 ], [ 30.091255187454035, -2.06316072131199 ], [ 30.091461880469289, -2.062684638322145 ], [ 30.091816309744136, -2.061429813353738 ], [ 30.091620320186603, -2.060882486839751 ], [ 30.091305609505532, -2.060003596857146 ], [ 30.090294805776203, -2.059665111209031 ], [ 30.089006027848562, -2.060106666457741 ], [ 30.088535860925116, -2.06058320256659 ], [ 30.088158962326251, -2.060522972941525 ], [ 30.087546682427657, -2.06116836881219 ], [ 30.087225973036315, -2.061608408175435 ], [ 30.08661371006659, -2.062165796481906 ], [ 30.08595852392429, -2.062507015892663 ], [ 30.086011649736566, -2.061996093530474 ], [ 30.08624674844009, -2.061670309731451 ], [ 30.086672241772071, -2.06126576708594 ], [ 30.087096422557334, -2.060732205022331 ], [ 30.087287833385108, -2.06028029199896 ], [ 30.087147282700521, -2.060240826951188 ], [ 30.086897075012786, -2.060198222242388 ], [ 30.086313795996332, -2.060061452880087 ], [ 30.0858859272623, -2.059936260849873 ], [ 30.08520766151085, -2.059822833668878 ], [ 30.084413878552837, -2.059623617394091 ], [ 30.084063277130344, -2.059354547610011 ], [ 30.083779473869779, -2.058865122830471 ], [ 30.083366635516363, -2.058390602834791 ], [ 30.082873140540759, -2.057926285482953 ], [ 30.082519444596944, -2.057675479895823 ], [ 30.082279658436143, -2.057388364710793 ], [ 30.082263485788626, -2.05712513792568 ], [ 30.082319392888504, -2.056572703145559 ], [ 30.082361815680102, -2.055694999966274 ], [ 30.082407160410536, -2.055068400140906 ], [ 30.082315657419546, -2.054585333247334 ], [ 30.082189092354444, -2.053904941267486 ], [ 30.081964790424273, -2.05299220992946 ], [ 30.081820458469171, -2.05192647720831 ], [ 30.081936397901789, -2.05168299853488 ], [ 30.082079635927336, -2.051604255390687 ], [ 30.082128356139847, -2.051431441929623 ], [ 30.082237186569852, -2.05092744025605 ], [ 30.082249733040573, -2.050476683846826 ], [ 30.082208185119828, -2.049526112715486 ], [ 30.082154698544969, -2.048639473048777 ], [ 30.08214141724855, -2.047830639096723 ], [ 30.082118369412903, -2.04746117171459 ], [ 30.082015445524043, -2.047136466829781 ], [ 30.081802690213628, -2.046221938523119 ], [ 30.081619076182967, -2.045216622053045 ], [ 30.081458180643338, -2.043949812343025 ], [ 30.081405085407265, -2.043001022533359 ], [ 30.081392398171168, -2.042178392933453 ], [ 30.08146558659983, -2.041437928004551 ], [ 30.081617558817644, -2.040783891668828 ], [ 30.081777905780285, -2.04014866739794 ], [ 30.081889579427898, -2.039419138862544 ], [ 30.081729357493938, -2.039145116645913 ], [ 30.081428522584893, -2.03900001970846 ], [ 30.081099202262113, -2.038768743873725 ], [ 30.080424249574371, -2.03825941387593 ], [ 30.079988052289377, -2.037742397429503 ], [ 30.079668935774926, -2.037274409656483 ], [ 30.079360615455265, -2.036885958395277 ], [ 30.079240582290758, -2.036734722611478 ], [ 30.079012185762018, -2.036289231044819 ], [ 30.078712664117084, -2.035792197558725 ], [ 30.078597630455928, -2.035162440853512 ], [ 30.078573566806782, -2.035030655875141 ], [ 30.078466939496987, -2.034047212684877 ], [ 30.078485548423654, -2.03303027165608 ], [ 30.078466922749001, -2.032862911766012 ], [ 30.078313012955881, -2.032778419450864 ], [ 30.077504744857698, -2.032223938190461 ], [ 30.076856324335751, -2.031577636564147 ], [ 30.076195731236403, -2.030735055603226 ], [ 30.075611046000919, -2.029939642239689 ], [ 30.075024095436351, -2.029250048222984 ], [ 30.074511068118728, -2.028600636969125 ], [ 30.074186778521582, -2.028146224829208 ], [ 30.074066120618028, -2.027595055380714 ], [ 30.074045666299998, -2.026739850277554 ], [ 30.074041837152919, -2.025977480541669 ], [ 30.073904428310527, -2.025229844054081 ], [ 30.073800846623058, -2.024601149929703 ], [ 30.073632156031032, -2.024153752622179 ], [ 30.073356867618976, -2.023466673322133 ], [ 30.073195848881895, -2.022575190798136 ], [ 30.072906263770946, -2.021422339467672 ], [ 30.072383798554981, -2.020885326232691 ], [ 30.071830020513787, -2.020436709518478 ], [ 30.071426793066795, -2.020271177250402 ], [ 30.070976001462189, -2.019933130759441 ], [ 30.069807084566559, -2.019129842859585 ], [ 30.068820921358089, -2.018447606663334 ], [ 30.067971699001678, -2.018045564793288 ], [ 30.067189542235255, -2.017736343179046 ], [ 30.066415040196546, -2.017356080084032 ], [ 30.066266520543543, -2.017397748670051 ], [ 30.066118626681678, -2.017531548818946 ], [ 30.065907825407294, -2.017528970700158 ], [ 30.065773009376869, -2.017412372933596 ], [ 30.065622896570506, -2.017225311130584 ], [ 30.065509143991996, -2.017151801296512 ], [ 30.065329562519793, -2.017010174701674 ], [ 30.065197621969055, -2.016455145556905 ], [ 30.065053570962284, -2.015701337277852 ], [ 30.064835347329105, -2.014860256320266 ], [ 30.064636640146862, -2.014244139730287 ], [ 30.064626592479755, -2.014083606919827 ], [ 30.064650280336725, -2.013864688827752 ], [ 30.064657827701978, -2.013629757220343 ], [ 30.064640154775724, -2.013392668604986 ], [ 30.064604419785876, -2.013194842802143 ], [ 30.064546996832203, -2.012842858293437 ], [ 30.064438915530221, -2.012456642431768 ], [ 30.064299302909955, -2.012148920342813 ], [ 30.064153409170018, -2.011928752687095 ], [ 30.064011030661128, -2.011554269740627 ], [ 30.063878918165582, -2.011338617421649 ], [ 30.063791556314403, -2.010908202112228 ], [ 30.063757696541902, -2.010706080077092 ], [ 30.063733055551239, -2.010457524213282 ], [ 30.063737321632924, -2.010077526471834 ], [ 30.063737211960337, -2.009729792376302 ], [ 30.063786165247819, -2.009517624092897 ], [ 30.063855213473285, -2.009229352033526 ], [ 30.063924762470648, -2.00901244905401 ], [ 30.064018748694384, -2.008682573197755 ], [ 30.064158798662806, -2.008389238842901 ], [ 30.064313114247756, -2.008169524186566 ], [ 30.064373005834543, -2.008048128587042 ], [ 30.064135391860539, -2.007977744777588 ], [ 30.064014248121509, -2.007932765013112 ], [ 30.063845087977516, -2.007871176934819 ], [ 30.063717069958631, -2.007826117826187 ], [ 30.063557097046726, -2.00776229536988 ], [ 30.06340157836172, -2.007719315732882 ], [ 30.063232292484731, -2.0076831317358 ], [ 30.063083524039826, -2.007663320150983 ], [ 30.062960005935004, -2.00763447937242 ], [ 30.062834221309011, -2.007598685273954 ], [ 30.062664983646965, -2.007553267703063 ], [ 30.062557622459106, -2.007501475896517 ], [ 30.062420540557167, -2.007437855945515 ], [ 30.062208051478635, -2.007341224699868 ], [ 30.062054923382338, -2.007279776911209 ], [ 30.061910920015112, -2.007227640959473 ], [ 30.061702930770206, -2.007144914461911 ], [ 30.061531490143633, -2.007083294567836 ], [ 30.061257030106695, -2.007011519776574 ], [ 30.061124401749147, -2.006973350719548 ], [ 30.060987227951173, -2.006925918462783 ], [ 30.060808958672407, -2.006857314597352 ], [ 30.060577858086667, -2.006815959185075 ], [ 30.060429012044256, -2.006809990841999 ], [ 30.060307634567202, -2.006808897347524 ], [ 30.06010162901854, -2.006788554887633 ], [ 30.059975861509642, -2.006750465977791 ], [ 30.059843170609415, -2.006721545705124 ], [ 30.059721902139639, -2.006701969761846 ], [ 30.059515850930062, -2.006686252577366 ], [ 30.059360253999881, -2.006661754046251 ], [ 30.059222954352922, -2.006637413112377 ], [ 30.059081075528461, -2.006615337071703 ], [ 30.05894385368428, -2.006579449924082 ], [ 30.058754005857509, -2.006531532790753 ], [ 30.058582549297725, -2.006472225254965 ], [ 30.058420248662394, -2.006415324108849 ], [ 30.058271651830875, -2.006363157242248 ], [ 30.058100366762336, -2.006271508385152 ], [ 30.057952191412568, -2.00613847384408 ], [ 30.057851953848274, -2.006038232881129 ], [ 30.057726654417113, -2.005912337219502 ], [ 30.057619480889734, -2.005821283873426 ], [ 30.057473602441295, -2.00568826458001 ], [ 30.057368849994415, -2.00557643052567 ], [ 30.057257424994145, -2.005422944139086 ], [ 30.057114125658959, -2.005236820035219 ], [ 30.057027779560961, -2.00510667565828 ], [ 30.056968856314842, -2.004985998986478 ], [ 30.056891713468186, -2.004848995847196 ], [ 30.056832852849777, -2.004719085654007 ], [ 30.056702709019977, -2.004641670316754 ], [ 30.056547174768451, -2.004603299077902 ], [ 30.056400843672062, -2.004555771774312 ], [ 30.056304997062036, -2.004490230622814 ], [ 30.056202526309082, -2.004378412688487 ], [ 30.056104430304529, -2.004305902827407 ], [ 30.055980943709475, -2.004267828896436 ], [ 30.055834736907851, -2.004199507363407 ], [ 30.055613028383412, -2.004112030371406 ], [ 30.055505745295378, -2.00404406835306 ], [ 30.055412274210976, -2.003964668203083 ], [ 30.055327991004162, -2.003876113813079 ], [ 30.055207097872447, -2.003782606995876 ], [ 30.055115892251191, -2.003705551081275 ], [ 30.054949278861354, -2.003595468155702 ], [ 30.054814573852308, -2.003515693109445 ], [ 30.054709554546676, -2.003452371684786 ], [ 30.054613725069427, -2.003384501473948 ], [ 30.054513363607974, -2.003305055373621 ], [ 30.054342312239449, -2.003169505073155 ], [ 30.054235325892009, -2.003046094842448 ], [ 30.054110277002483, -2.002869391485108 ], [ 30.053991617383943, -2.002787462342751 ], [ 30.053824770142967, -2.002723577625467 ], [ 30.053690188561713, -2.002620711004931 ], [ 30.05352585698537, -2.002512954997377 ], [ 30.053427729893869, -2.002445070317461 ], [ 30.053281570626908, -2.002365202356025 ], [ 30.053176520137182, -2.002306488993915 ], [ 30.053078612051671, -2.002199342177867 ], [ 30.052974016326612, -2.002052840307406 ], [ 30.052823137616794, -2.002000657623475 ], [ 30.052704166234598, -2.001976487376013 ], [ 30.052585273594836, -2.001940756457063 ], [ 30.052436707684443, -2.001881652822472 ], [ 30.052306236415109, -2.00186893504184 ], [ 30.052052027744821, -2.001866637739211 ], [ 30.05189164921228, -2.001879059120645 ], [ 30.051764255207598, -2.001842670877655 ], [ 30.051539452591879, -2.001799066399195 ], [ 30.051138990923256, -2.001819830676002 ], [ 30.050653590096982, -2.001867200943798 ], [ 30.050190251405866, -2.001948773012806 ], [ 30.049766742508382, -2.002002924475072 ], [ 30.049268512258536, -2.002157098334599 ], [ 30.048861097051898, -2.002267884737988 ], [ 30.048520058287316, -2.0024644297781 ], [ 30.048306912892766, -2.002685066374869 ], [ 30.048287897638975, -2.002539721158485 ], [ 30.048305475146453, -2.002244152290569 ], [ 30.048368413477274, -2.002034468507298 ], [ 30.048424446262874, -2.001831674110955 ], [ 30.048459431666377, -2.001711840878518 ], [ 30.048512807374063, -2.001578321887651 ], [ 30.04861696609629, -2.001369012213635 ], [ 30.048670186249304, -2.001265537193213 ], [ 30.048751203739386, -2.00110222302629 ], [ 30.04881357967653, -2.000998825510139 ], [ 30.048894644510728, -2.000826279628737 ], [ 30.049005364554958, -2.000677104706995 ], [ 30.049102413776385, -2.000511619364839 ], [ 30.049130742116709, -2.000352461800983 ], [ 30.049122351421886, -2.000204522312964 ], [ 30.049129976542449, -2.000061362352925 ], [ 30.049080319872992, -1.999922281370456 ], [ 30.049019489567716, -1.999732282982746 ], [ 30.048995099192126, -1.999577281134497 ], [ 30.049035131299604, -1.999369705375815 ], [ 30.049067990535985, -1.999217515546561 ], [ 30.049103116221765, -1.999072279953163 ], [ 30.049140336583175, -1.99896172627951 ], [ 30.049228290690309, -1.99878461723032 ], [ 30.049332340171237, -1.998598415269131 ], [ 30.04937185635173, -1.99848556603046 ], [ 30.049418279076118, -1.998370467218304 ], [ 30.049473968288616, -1.99823002638045 ], [ 30.049559532643485, -1.998073695282473 ], [ 30.049615095915065, -1.997960987549346 ], [ 30.049654628242958, -1.997848137398881 ], [ 30.049696582396731, -1.997707588437085 ], [ 30.049745662010469, -1.997520886152346 ], [ 30.049776130504476, -1.997387163411184 ], [ 30.049806538282681, -1.997267298631878 ], [ 30.049827960032921, -1.997112687926032 ], [ 30.049856116629762, -1.996985871622702 ], [ 30.04989336725188, -1.996868380810204 ], [ 30.04995368132062, -1.996723379584918 ], [ 30.05000472959037, -1.996596765175541 ], [ 30.050030574143978, -1.996472244430118 ], [ 30.050049652659368, -1.996329163702571 ], [ 30.050064058935263, -1.996202222097738 ], [ 30.050087653205225, -1.996070748923927 ], [ 30.050115934849622, -1.995918528460508 ], [ 30.050183014968791, -1.995794367322786 ], [ 30.050151559950965, -1.995676252732534 ], [ 30.050219828057852, -1.995509033474124 ], [ 30.050267718585996, -1.995363092896208 ], [ 30.05033482992491, -1.995232011815341 ], [ 30.050436566147379, -1.995048089970561 ], [ 30.05052910011792, -1.994873340416752 ], [ 30.05056633543667, -1.994758163168216 ], [ 30.050629116890086, -1.994580818760761 ], [ 30.050677868238974, -1.994454189929961 ], [ 30.050733509930016, -1.994325310616041 ], [ 30.050814605573457, -1.99414815466331 ], [ 30.05088637286353, -1.994000933530975 ], [ 30.050957968538238, -1.993886052768404 ], [ 30.051011218735507, -1.993777953225559 ], [ 30.051080486408587, -1.993672306950251 ], [ 30.051172629609137, -1.993569158948561 ], [ 30.051271818702791, -1.993436060811274 ], [ 30.051352570156762, -1.993323572011689 ], [ 30.051460822889631, -1.993206722902015 ], [ 30.051578122339883, -1.993110746364539 ], [ 30.05174386038841, -1.992952822606543 ], [ 30.051824814620058, -1.99280107076123 ], [ 30.051937895796943, -1.992635742120498 ], [ 30.052080820732041, -1.99246144491597 ], [ 30.052221136920505, -1.992344877830253 ], [ 30.052471532416153, -1.992199265367079 ], [ 30.052620989170361, -1.992087399278923 ], [ 30.052795883593188, -1.991927257415824 ], [ 30.052929323732826, -1.991812939856384 ], [ 30.05307454612057, -1.991636346098952 ], [ 30.053134719334579, -1.991514435335843 ], [ 30.053199595149614, -1.991371775463395 ], [ 30.053287425196856, -1.99122008663668 ], [ 30.053389145719027, -1.991040789965016 ], [ 30.053456256567138, -1.990907396085454 ], [ 30.053511805033743, -1.990796998185487 ], [ 30.053567477626302, -1.990661197937186 ], [ 30.05360932235406, -1.990543740356177 ], [ 30.053664933351598, -1.990421798067571 ], [ 30.05372302872377, -1.990262906258344 ], [ 30.053714481350156, -1.990144994482724 ], [ 30.053751871941216, -1.990004397631613 ], [ 30.053793873807056, -1.989854614144189 ], [ 30.053822107673582, -1.989711626229607 ], [ 30.053834170444755, -1.989596214577834 ], [ 30.05390115707289, -1.989488224835934 ], [ 30.05403723731898, -1.989296601170504 ], [ 30.054114145696627, -1.98905504484102 ], [ 30.054307759021096, -1.988530716037176 ], [ 30.054411823202447, -1.98836318429333 ], [ 30.054468965779751, -1.98821108851585 ], [ 30.054563702795843, -1.988052524679867 ], [ 30.054635266731029, -1.987944580883734 ], [ 30.054711360732135, -1.987845932856148 ], [ 30.05478314441789, -1.987696399787365 ], [ 30.054771456773285, -1.987490277249694 ], [ 30.054699579561266, -1.987419956054817 ], [ 30.054611624716117, -1.987320292365782 ], [ 30.05448410581948, -1.98719813182601 ], [ 30.054207037629265, -1.98689586251571 ], [ 30.054184911223732, -1.986679538133949 ], [ 30.054419776571901, -1.986454135447802 ], [ 30.054462699522475, -1.986353503265213 ], [ 30.054608998982332, -1.986337223760864 ], [ 30.054972429304762, -1.986230233461167 ], [ 30.055293967531153, -1.986000284706457 ], [ 30.055446502512599, -1.985810442138519 ], [ 30.055692789497673, -1.985557887344184 ], [ 30.055943779199112, -1.985184498022528 ], [ 30.056104173309208, -1.984963236393295 ], [ 30.056206299877186, -1.984822342425888 ], [ 30.05637338162067, -1.984562334869609 ], [ 30.056517790582156, -1.984365227049197 ], [ 30.056848579007905, -1.983970933948231 ], [ 30.057187009276245, -1.983684615399234 ], [ 30.057352245980137, -1.983576874444896 ], [ 30.057468748644027, -1.983500913882888 ], [ 30.057587205449749, -1.983420841621204 ], [ 30.057755271209523, -1.983317304405559 ], [ 30.057856116844967, -1.983262574488001 ], [ 30.058091575976619, -1.983130727436305 ], [ 30.05826028245626, -1.983022548517785 ], [ 30.058496302673316, -1.982871202383036 ], [ 30.058663853308826, -1.982718919839583 ], [ 30.058792246344062, -1.982598352263579 ], [ 30.05888151491493, -1.982505516471158 ], [ 30.059012470854729, -1.982234368952742 ], [ 30.059125769700074, -1.982036527615494 ], [ 30.05922705351627, -1.981768770114699 ], [ 30.059328852400348, -1.981577006167607 ], [ 30.05943494760837, -1.981343776709972 ], [ 30.05978558153874, -1.980875145697952 ], [ 30.059944927621746, -1.980708223923127 ], [ 30.060112180855477, -1.980519786822363 ], [ 30.060244027888572, -1.980364690783492 ], [ 30.060666849522121, -1.97986696988554 ], [ 30.061016653839225, -1.979369889224037 ], [ 30.061130829001232, -1.979032388200753 ], [ 30.061177954611935, -1.97890227429003 ], [ 30.061304175534264, -1.978566600698588 ], [ 30.061467008048076, -1.978248379782645 ], [ 30.061590916375796, -1.977949921601837 ], [ 30.061593994442266, -1.977733440814862 ], [ 30.061617933126488, -1.977562987541404 ], [ 30.061668339852783, -1.977410531805434 ], [ 30.061740075503604, -1.976889703310105 ], [ 30.061747794518105, -1.976472036802559 ], [ 30.06179379481981, -1.976033169490413 ], [ 30.061814155012961, -1.97569820076358 ], [ 30.061858608847768, -1.97530075091952 ], [ 30.061908688338857, -1.974834198275327 ], [ 30.061885952649966, -1.974522977455933 ], [ 30.061908905937205, -1.97420406801552 ], [ 30.061911937484243, -1.973824460868758 ], [ 30.061783278388393, -1.973580685122239 ], [ 30.061611758543307, -1.973274291460303 ], [ 30.06164183724821, -1.973162254478819 ], [ 30.06173705854971, -1.972940524441086 ], [ 30.06183851311517, -1.97269665507148 ], [ 30.061961344055867, -1.972179029096263 ], [ 30.062049315122945, -1.972072117257886 ], [ 30.062127098127174, -1.971977594030538 ], [ 30.062219693608103, -1.971758316929296 ], [ 30.062466387302528, -1.971646686013485 ], [ 30.062601405501155, -1.971652763329432 ], [ 30.06296924139378, -1.971785938480646 ], [ 30.063329640851148, -1.971715242070123 ], [ 30.063502472965599, -1.971681338522901 ], [ 30.063534565997536, -1.971734474551771 ], [ 30.063639491365208, -1.971902271966889 ], [ 30.063683023059948, -1.971971874848364 ], [ 30.063709398486502, -1.972038119266968 ], [ 30.063816853670488, -1.971998279592249 ], [ 30.064005171253562, -1.971928441651806 ], [ 30.064500010053596, -1.971678541382001 ], [ 30.064816048379829, -1.971548974915349 ], [ 30.065298715250314, -1.971387816671757 ], [ 30.0654438579577, -1.971435938458074 ], [ 30.065604939792195, -1.971671229806193 ], [ 30.065776835204751, -1.971638466569915 ], [ 30.066067029102975, -1.97189677185417 ], [ 30.066392879892451, -1.971739441744696 ], [ 30.066631744562073, -1.9715847361687 ], [ 30.066689636445734, -1.971441483656738 ], [ 30.06679688895106, -1.971326368355476 ], [ 30.066756966094193, -1.971069470396648 ], [ 30.066805249037863, -1.970965791510514 ], [ 30.06705976919589, -1.970694347164619 ], [ 30.067130974203696, -1.970618400447379 ], [ 30.067198398069372, -1.970536830019515 ], [ 30.067330509563142, -1.970376985077789 ], [ 30.067676985169374, -1.970156066632755 ], [ 30.068121776502299, -1.969925414924858 ], [ 30.068456862517799, -1.969772522174599 ], [ 30.068867402790683, -1.969548214585115 ], [ 30.069065531692264, -1.96939050940501 ], [ 30.069154377407934, -1.969319812193143 ], [ 30.069309443886688, -1.969163529670347 ], [ 30.069531838925549, -1.96888685045297 ], [ 30.069598465236641, -1.96878323493719 ], [ 30.069776203899309, -1.968505024523154 ], [ 30.069828938821658, -1.96839725364228 ], [ 30.069938660795103, -1.968208176765 ], [ 30.06998850441235, -1.968071095537706 ], [ 30.070272136154578, -1.967536173687196 ], [ 30.070415810850953, -1.967116320775681 ], [ 30.070391513986454, -1.966909761136462 ], [ 30.070198586965954, -1.966750915586046 ], [ 30.070196102875009, -1.966355403959684 ], [ 30.070311417743589, -1.966271802708029 ], [ 30.07045471747529, -1.96608769341635 ], [ 30.070621049881282, -1.9659112248191 ], [ 30.070856773167513, -1.965837074413814 ], [ 30.071014323866407, -1.965745848619778 ], [ 30.071111450853074, -1.965540663980201 ], [ 30.071312658149296, -1.964328912276196 ], [ 30.071368939738196, -1.964002550453768 ], [ 30.071324923449019, -1.963191309924621 ], [ 30.071339252181584, -1.962911195258994 ], [ 30.07137589263025, -1.96229942105854 ], [ 30.071431316191646, -1.961836852928621 ], [ 30.0714257218578, -1.961744860799935 ], [ 30.071387565429408, -1.961117042170405 ], [ 30.071313000700869, -1.960531890647736 ], [ 30.071334437358978, -1.959935896998037 ], [ 30.071367688641082, -1.959701871307759 ], [ 30.071429689626296, -1.959367479531487 ], [ 30.071586239483128, -1.958880725707379 ], [ 30.071662508029426, -1.958691491883014 ], [ 30.071820730237647, -1.958405877386365 ], [ 30.071999311669561, -1.95819292720584 ], [ 30.072089047565548, -1.957976087201205 ], [ 30.07224106631276, -1.957862206922672 ], [ 30.072399569918289, -1.957623305323851 ], [ 30.072399070350361, -1.957041998139598 ], [ 30.072671106577317, -1.956558869658295 ], [ 30.072943144612019, -1.956204370007256 ], [ 30.073134913952437, -1.955994966384307 ], [ 30.073406950827778, -1.955866305668806 ], [ 30.073983261461326, -1.95585032302781 ], [ 30.074207250265946, -1.955833871110245 ], [ 30.074479287501795, -1.955817903612045 ], [ 30.074767356095009, -1.955678822716276 ], [ 30.074849795797224, -1.955542209299281 ], [ 30.075034815922411, -1.955196177960824 ], [ 30.075191460025046, -1.954959824028887 ], [ 30.075292726898315, -1.95472625104769 ], [ 30.075358213219548, -1.954659318898771 ], [ 30.075507810146931, -1.95459469923843 ], [ 30.075795643966838, -1.954599105331949 ], [ 30.076043899091864, -1.954624025167769 ], [ 30.076387829369875, -1.954668442311278 ], [ 30.076855574155996, -1.954640616287554 ], [ 30.077164049716426, -1.954718296901155 ], [ 30.077493088683042, -1.954806773808638 ], [ 30.077655326890238, -1.955011442969814 ], [ 30.077703561888654, -1.955120760512968 ], [ 30.077804314824558, -1.955349053095467 ], [ 30.078014412005079, -1.955907347591688 ], [ 30.078060007593422, -1.956206430297553 ], [ 30.078126993960169, -1.956504325362243 ], [ 30.078187760868804, -1.956650781667767 ], [ 30.078269497697107, -1.956889587507887 ], [ 30.078324935627435, -1.957051588812874 ], [ 30.078348186313033, -1.957148158398281 ], [ 30.078494439766747, -1.957460177199425 ], [ 30.078775774273826, -1.957953274659644 ], [ 30.078989873777818, -1.958369299963042 ], [ 30.079165454652905, -1.958618120774661 ], [ 30.079263707059987, -1.958728704823624 ], [ 30.079515525841369, -1.959108936513528 ], [ 30.079824188442142, -1.959529133011221 ], [ 30.080147743169928, -1.960013464972166 ], [ 30.080435264625027, -1.96040411764505 ], [ 30.080672364499758, -1.960663391627999 ], [ 30.080905401442084, -1.960888246083182 ], [ 30.081194438592135, -1.961106398521913 ], [ 30.081438288028465, -1.961295428072751 ], [ 30.081674918189417, -1.961465022248746 ], [ 30.081917235795181, -1.961632225651681 ], [ 30.082121662959615, -1.961729936694754 ], [ 30.082489029735928, -1.961845550429986 ], [ 30.082794083390624, -1.961934652377404 ], [ 30.083129622571949, -1.962063468878708 ], [ 30.083517428425996, -1.962233937957448 ], [ 30.083982875911801, -1.962391596034906 ], [ 30.084289023179206, -1.962487664609843 ], [ 30.084406557151755, -1.962524551998141 ], [ 30.084619967943709, -1.962612309717335 ], [ 30.085015617266464, -1.9627661081483 ], [ 30.085438455438471, -1.963146184471616 ], [ 30.085590130241261, -1.963278656631092 ], [ 30.085767025536956, -1.963449062746947 ], [ 30.085856683588588, -1.963551553810457 ], [ 30.085919779343051, -1.963638968185423 ], [ 30.086033907105428, -1.963775798967979 ], [ 30.086113112163911, -1.963855151153385 ], [ 30.086168894020886, -1.963937894421374 ], [ 30.086346194054325, -1.963917458254533 ], [ 30.08679872037672, -1.963992530108988 ], [ 30.087595269171143, -1.964287128587207 ], [ 30.088291894644968, -1.964436255113417 ], [ 30.08841192886814, -1.96445825395346 ], [ 30.089582938116816, -1.964657890654394 ], [ 30.08973708267354, -1.964654579289447 ], [ 30.089922617790116, -1.964650594206208 ], [ 30.090138311001326, -1.964662093426818 ], [ 30.090287938375958, -1.964691122607348 ], [ 30.090679775057403, -1.964788613430754 ], [ 30.091131114393331, -1.964882527421218 ], [ 30.091522997130813, -1.964982329807876 ], [ 30.091838879933263, -1.96506533799025 ], [ 30.091974976286931, -1.965103507211603 ], [ 30.092103917060147, -1.965139659899186 ], [ 30.092275342431218, -1.965181343629569 ], [ 30.092388250835153, -1.965201512874664 ], [ 30.092510988229872, -1.965223448855925 ], [ 30.092613662503485, -1.965246759803633 ], [ 30.092720149558811, -1.965261398684023 ], [ 30.09286494926646, -1.965281287545155 ], [ 30.092990108124866, -1.965298488569457 ], [ 30.093118798917981, -1.965316409326785 ], [ 30.093241739266052, -1.965269553828386 ], [ 30.093452947015184, -1.96529923950651 ], [ 30.093945083093296, -1.96536779512536 ], [ 30.094253323827033, -1.965218465048126 ], [ 30.094491469203067, -1.965109771232622 ], [ 30.094637441722437, -1.965108520208906 ], [ 30.094773851389238, -1.96510647380389 ], [ 30.094896493837336, -1.965102301817209 ], [ 30.095024372353411, -1.965094725179653 ], [ 30.095117623926544, -1.965083679244559 ], [ 30.095224110205073, -1.965084537794347 ], [ 30.095469522425365, -1.965086491783122 ], [ 30.095892344276574, -1.965035995607638 ], [ 30.096046128762612, -1.96502404258102 ], [ 30.09631588471613, -1.965007731519393 ], [ 30.096433763106784, -1.965008482606237 ], [ 30.096560719204525, -1.965030511199519 ], [ 30.096742722877984, -1.965034510929493 ], [ 30.096860568492158, -1.965043650742569 ], [ 30.096984072433699, -1.965060899497033 ], [ 30.097124715564107, -1.965081741516002 ], [ 30.097302109796924, -1.965090287209226 ], [ 30.097435987822902, -1.9650995834156 ], [ 30.097564131578423, -1.965108816636654 ], [ 30.097701399803316, -1.96512389385343 ], [ 30.097752588356219, -1.965030151145112 ], [ 30.097751416827244, -1.964902600541253 ], [ 30.097774245606587, -1.964756300223532 ], [ 30.097777620634101, -1.964655809529223 ], [ 30.097861935243156, -1.964571566997642 ], [ 30.097962202446848, -1.964460171090371 ], [ 30.098146363214685, -1.964290139387095 ], [ 30.098447088893625, -1.964212333647193 ], [ 30.098424353786385, -1.964391395782938 ], [ 30.098425556617169, -1.964530726816702 ], [ 30.098426978449091, -1.964694993466075 ], [ 30.098426040793726, -1.964785891440773 ], [ 30.098428666656034, -1.964879586661565 ], [ 30.098433838210177, -1.965064117243246 ], [ 30.098437775661999, -1.965204729716384 ], [ 30.098468308407597, -1.96529209666892 ], [ 30.098609467555146, -1.965695997537232 ], [ 30.098962257495103, -1.966088993518094 ], [ 30.099302248154583, -1.966382514481223 ], [ 30.099437423506476, -1.966499207295038 ], [ 30.099561942500827, -1.966562577203864 ], [ 30.099718961512298, -1.96670340839517 ], [ 30.099851713988464, -1.966799696069742 ], [ 30.100177159896685, -1.96702687917587 ], [ 30.100261364371288, -1.967085654153888 ], [ 30.100361382677928, -1.967187052083457 ], [ 30.100481963315243, -1.96727665295234 ], [ 30.100607183900625, -1.967360551891234 ], [ 30.100711921399284, -1.96742817109862 ], [ 30.100799485803979, -1.967496774477392 ], [ 30.100902956655084, -1.967578173011092 ], [ 30.100997162098192, -1.967672118601947 ], [ 30.101081256931757, -1.967745298681549 ], [ 30.101199619429746, -1.967825682401281 ], [ 30.101291168784126, -1.967908377709546 ], [ 30.101060116987291, -1.968226412836686 ], [ 30.100882628578791, -1.968481139661505 ], [ 30.100756125680494, -1.968661108047019 ], [ 30.100709109717759, -1.968809454814575 ], [ 30.100771345340963, -1.968883368837309 ], [ 30.100847425542174, -1.968944613414783 ], [ 30.100964879773802, -1.968853637809635 ], [ 30.101080132758135, -1.968796610778773 ], [ 30.10121462048247, -1.96873008586413 ], [ 30.10130199729813, -1.968682840314351 ], [ 30.10162772381377, -1.96836874274604 ], [ 30.101864837934549, -1.968140091937287 ], [ 30.102219283186265, -1.967706614436413 ], [ 30.10247531985403, -1.967378831288551 ], [ 30.102624744871115, -1.967076045499525 ], [ 30.102665682412486, -1.966977616438705 ], [ 30.102709089773519, -1.96685737737072 ], [ 30.102750341478721, -1.966722170729179 ], [ 30.102793779250966, -1.966599634360065 ], [ 30.102865703227163, -1.966492300895879 ], [ 30.10292754774142, -1.966359592867585 ], [ 30.102969658141685, -1.966257727730493 ], [ 30.103026815425633, -1.966136473011843 ], [ 30.103090786042273, -1.966021014474057 ], [ 30.103155834132529, -1.965914758623141 ], [ 30.103201334654742, -1.965817516807247 ], [ 30.103266445232254, -1.965704370865588 ], [ 30.10334057298363, -1.965606253568904 ], [ 30.10343380875457, -1.965514527715748 ], [ 30.103491794201684, -1.965412849703271 ], [ 30.103621313162989, -1.965185697711589 ], [ 30.103805395358329, -1.965018306400266 ], [ 30.104186997570956, -1.964869695306833 ], [ 30.10453005168635, -1.96483399509736 ], [ 30.104653991966163, -1.964813121683334 ], [ 30.105032500537416, -1.964630965535134 ], [ 30.105156237171531, -1.964559534374533 ], [ 30.105265162144732, -1.96448799380124 ], [ 30.105409649050042, -1.964393127067513 ], [ 30.105501323379659, -1.964332929348497 ], [ 30.105591246941447, -1.964278324840664 ], [ 30.105695420471871, -1.964197722881287 ], [ 30.105771406509408, -1.964149023485545 ], [ 30.105927864049661, -1.964063156106512 ], [ 30.106015256116262, -1.964021472678325 ], [ 30.106115258130767, -1.963976444697353 ], [ 30.106229463809065, -1.963955244381638 ], [ 30.106345388916132, -1.963916387320352 ], [ 30.106458875272136, -1.963892468265504 ], [ 30.106553517647502, -1.963872516414622 ], [ 30.106684239447649, -1.96386756431626 ], [ 30.106841024544131, -1.963859127504098 ], [ 30.106932558308408, -1.963865720466647 ], [ 30.107042466489919, -1.963877469401236 ], [ 30.10744474132068, -1.963920465301101 ], [ 30.107648495405847, -1.963855876360227 ], [ 30.107735106258616, -1.963828426187719 ], [ 30.108161428542179, -1.963693297531972 ], [ 30.108938180527147, -1.963083804665113 ], [ 30.109012931541073, -1.963025138196615 ], [ 30.109253279927771, -1.962836545090695 ], [ 30.109595459709986, -1.962635188010317 ], [ 30.109753916532121, -1.962541961570749 ], [ 30.109846090271379, -1.962493576582126 ], [ 30.11035110171817, -1.962239785903524 ], [ 30.110596919241122, -1.962097313653671 ], [ 30.1107064376327, -1.962033851229748 ], [ 30.110806424157886, -1.961975902946475 ], [ 30.11089483214851, -1.961926297149526 ], [ 30.110983584311612, -1.961888644504319 ], [ 30.111126603163726, -1.961827978179494 ], [ 30.111286513263902, -1.961760140252709 ], [ 30.111386718178387, -1.961715597643623 ], [ 30.11149640840673, -1.96166871096946 ], [ 30.111631473711157, -1.96161098187746 ], [ 30.111734038335737, -1.961567141845824 ], [ 30.111831227322664, -1.961522536102425 ], [ 30.111919245721978, -1.961481946717671 ], [ 30.112014904398023, -1.9614594484784 ], [ 30.112112625107592, -1.961408421105919 ], [ 30.112269925036742, -1.961360003562303 ], [ 30.112390568385454, -1.961322866037095 ], [ 30.112886454548359, -1.961170224132479 ], [ 30.113472951335041, -1.960961960527345 ], [ 30.114194794979888, -1.960677064460391 ], [ 30.114285969157077, -1.960659378063073 ], [ 30.114391706445144, -1.960635973647541 ], [ 30.114578992176138, -1.960594539784531 ], [ 30.115059439307704, -1.960488252154814 ], [ 30.115659374422926, -1.960265912771791 ], [ 30.116183495932091, -1.960084991312508 ], [ 30.116311013857235, -1.960031714073406 ], [ 30.11645901734008, -1.959990717788252 ], [ 30.116637692599603, -1.959878165793491 ], [ 30.11674542935134, -1.959807796756565 ], [ 30.116838135841579, -1.959747255588945 ], [ 30.116944902945441, -1.959590643929634 ], [ 30.117036859044614, -1.959455733711954 ], [ 30.117168641858555, -1.959499683303195 ], [ 30.117276035524426, -1.959524822095298 ], [ 30.11745210198335, -1.959554036905132 ], [ 30.117636324792773, -1.959601799526908 ], [ 30.11827821348761, -1.959938112610048 ], [ 30.11861062809108, -1.960142781679364 ], [ 30.119107263738904, -1.960433848928844 ], [ 30.119216938133381, -1.960498124671638 ], [ 30.11932170608409, -1.960548089688377 ], [ 30.119448443089041, -1.960651579218429 ], [ 30.119556648741362, -1.960716933143608 ], [ 30.119644323083648, -1.960771756248325 ], [ 30.119740012342309, -1.960827798870809 ], [ 30.119855233812654, -1.96087599761827 ], [ 30.119963735482166, -1.960906869440393 ], [ 30.120072238872915, -1.960936616122618 ], [ 30.120164772424538, -1.960960457909926 ], [ 30.120311978216396, -1.961015827485952 ], [ 30.120481997719327, -1.961081760245416 ], [ 30.120595906655165, -1.961102914251679 ], [ 30.120806130109671, -1.961186406619543 ], [ 30.120922820343011, -1.961232745639266 ], [ 30.12244654101363, -1.961819350018097 ], [ 30.12354680105441, -1.962262778802954 ], [ 30.123830135564706, -1.962079825153576 ], [ 30.124103124759255, -1.961903544337935 ], [ 30.125028082477375, -1.961264460569982 ], [ 30.125387357256333, -1.961048525729634 ], [ 30.125731129761892, -1.960841919551303 ], [ 30.126492709777249, -1.960473373822514 ], [ 30.12682387251882, -1.960298967611735 ], [ 30.126932671999452, -1.960284828238624 ], [ 30.127043048774844, -1.960230707655713 ], [ 30.127158019952851, -1.960176618370669 ], [ 30.127239959582624, -1.960079814568348 ], [ 30.127433901841208, -1.959913564175982 ], [ 30.12780186286297, -1.959598139010395 ], [ 30.128615395881731, -1.958896982515107 ], [ 30.129241753603097, -1.958328751388767 ], [ 30.129746045823698, -1.957933489668801 ], [ 30.130325808276119, -1.95753201017014 ], [ 30.131049840324216, -1.95705881731287 ], [ 30.131139264122638, -1.956998103803167 ], [ 30.131234907238373, -1.956933171459082 ], [ 30.131350378142066, -1.956813557399327 ], [ 30.131464504770673, -1.956723847167781 ], [ 30.131554366992457, -1.956660337053308 ], [ 30.131643056380277, -1.956600263020887 ], [ 30.131739792570787, -1.956535675158381 ], [ 30.131892889848945, -1.956441747098858 ], [ 30.132009205140353, -1.956384486407113 ], [ 30.132358478717695, -1.956127899699523 ], [ 30.132989772865841, -1.955674673663759 ], [ 30.133693085385374, -1.955263632280753 ], [ 30.134484445824722, -1.954894445854772 ], [ 30.135300152010583, -1.954487903449453 ], [ 30.136286330677134, -1.954020163655841 ], [ 30.137325306303563, -1.953555892051859 ], [ 30.138153449231492, -1.953091526942733 ], [ 30.138268514391203, -1.953010237510618 ], [ 30.138489471715165, -1.952854110803463 ], [ 30.138651132030979, -1.952724278543069 ], [ 30.138702898719462, -1.952642957252041 ], [ 30.138838854351228, -1.952699295706598 ], [ 30.139515010298112, -1.953202766571706 ], [ 30.140475657296466, -1.953619572668584 ], [ 30.1415699633469, -1.953969057032004 ], [ 30.142522670960936, -1.954139697525558 ], [ 30.143550146556017, -1.954172928425792 ], [ 30.144256428552758, -1.954291308448682 ], [ 30.145061665024947, -1.954527272080753 ], [ 30.14604118739139, -1.954867708953918 ], [ 30.146768500326505, -1.955103047234136 ], [ 30.147776631996784, -1.955315559248239 ], [ 30.147908431679262, -1.955343338495233 ], [ 30.148840624797138, -1.955519041087128 ], [ 30.149660502032305, -1.955793828975429 ], [ 30.150261265847359, -1.956407117044778 ], [ 30.150801559631248, -1.957081556317779 ], [ 30.151461886960579, -1.957594573396459 ], [ 30.152061088083123, -1.958039845507315 ], [ 30.152778838084949, -1.958657540965199 ], [ 30.153504089029326, -1.959302686218552 ], [ 30.154616786249715, -1.960353920365419 ], [ 30.155562198495929, -1.961005860934521 ], [ 30.156836523380466, -1.961809586593883 ], [ 30.158218772596982, -1.962622528965719 ], [ 30.159792073059631, -1.963571786959858 ], [ 30.1618910888618, -1.964557761489221 ], [ 30.162331974790781, -1.964775148090186 ], [ 30.162549448327226, -1.9649038402823 ], [ 30.163127852330486, -1.965168752657732 ], [ 30.163746209320305, -1.965479991098225 ], [ 30.164215829373582, -1.965692018195619 ], [ 30.164485882423026, -1.96589551611745 ], [ 30.165372463936801, -1.966256217652639 ], [ 30.165825115284743, -1.96642221872018 ], [ 30.166260781425098, -1.96654222307385 ], [ 30.166821981001597, -1.966806934092163 ], [ 30.167400416227657, -1.967066129666785 ], [ 30.167824362467456, -1.967231786645333 ], [ 30.168574474046761, -1.967596207466479 ], [ 30.169164158324389, -1.967813452157914 ], [ 30.170087007668446, -1.968170624477299 ], [ 30.170694036342724, -1.968415585340414 ], [ 30.171869125334457, -1.968683155273634 ], [ 30.172489935413843, -1.968906166744881 ], [ 30.172778176034299, -1.968995361133997 ], [ 30.173265937289283, -1.969039920157912 ], [ 30.173775901819546, -1.969307551741357 ], [ 30.174373946011062, -1.969530031227062 ], [ 30.174906957870277, -1.969697064019492 ], [ 30.175948747518866, -1.970132696275255 ], [ 30.176857798821906, -1.970377970834079 ], [ 30.177323403238201, -1.970511771650164 ], [ 30.177966385741154, -1.970734767710804 ], [ 30.178432005854837, -1.970913172698853 ], [ 30.179158802764736, -1.97117625779005 ], [ 30.179640345358195, -1.971308293428581 ], [ 30.180138856652786, -1.971486323512245 ], [ 30.180424925312359, -1.97166741644563 ], [ 30.180576866106584, -1.972236100205575 ], [ 30.180500879662137, -1.972487031290832 ], [ 30.180948655671266, -1.973154769121771 ], [ 30.181015219956507, -1.973623210788858 ], [ 30.180948734630903, -1.973868595700002 ], [ 30.181015282969256, -1.974180880477909 ], [ 30.181081831339196, -1.974493180625223 ], [ 30.181422823737535, -1.97505767673798 ], [ 30.181713830088054, -1.975387663015319 ], [ 30.181857927430503, -1.975474608598874 ], [ 30.182190528794894, -1.975742256782656 ], [ 30.18250095744726, -1.976143752465172 ], [ 30.182744884951081, -1.97647833106458 ], [ 30.183099674514782, -1.976946742445639 ], [ 30.183387946645436, -1.977437463817826 ], [ 30.183720578989519, -1.977972807279166 ], [ 30.184164136374882, -1.979177340299085 ], [ 30.184430205240783, -1.979355776430554 ], [ 30.184696351386759, -1.98015879917089 ], [ 30.184696414478754, -1.980761089463116 ], [ 30.184696477144566, -1.981318773460262 ], [ 30.184652195611068, -1.981854148880513 ], [ 30.184696602300271, -1.982367196282432 ], [ 30.184696665691931, -1.982947192005796 ], [ 30.184718869190093, -1.983326407644242 ], [ 30.184652414295442, -1.983794866614626 ], [ 30.184696821780083, -1.98441945097675 ], [ 30.184719104548229, -1.985423283069949 ], [ 30.184696978432676, -1.985847120817473 ], [ 30.184741371169515, -1.98624863211373 ], [ 30.184674931786706, -1.986873247001219 ], [ 30.184741496237852, -1.987430917146064 ], [ 30.184719370365837, -1.987832444054146 ], [ 30.184697244710588, -1.988211675505233 ], [ 30.184719480387844, -1.988813965956121 ], [ 30.184763887699177, -1.989304717838072 ], [ 30.184741762318328, -1.989750851025215 ], [ 30.184399723450731, -1.990610101619127 ], [ 30.184761575238838, -1.990448210581642 ], [ 30.18530822824237, -1.990214668422786 ], [ 30.185768675538366, -1.989997219594041 ], [ 30.185890224869688, -1.98991878779596 ], [ 30.186177700895243, -1.989733320614015 ], [ 30.186806136322495, -1.989237473575788 ], [ 30.18718631666983, -1.989001822544858 ], [ 30.187646982657593, -1.988744298201653 ], [ 30.187871268612039, -1.988672711112622 ], [ 30.188279777528823, -1.988506116342895 ], [ 30.188653536274529, -1.988396344458685 ], [ 30.189165156596957, -1.988251764457837 ], [ 30.18930887863544, -1.988211142872991 ], [ 30.189663605611809, -1.988099574026887 ], [ 30.190328729952768, -1.987898732184414 ], [ 30.190838756664082, -1.987719794762029 ], [ 30.191415096930051, -1.98772015366208 ], [ 30.191809387491681, -1.987646176591443 ], [ 30.192251772410021, -1.987583071545475 ], [ 30.192728580100646, -1.987526123415072 ], [ 30.193280122593084, -1.987452942440698 ], [ 30.193508221319632, -1.987427397597904 ], [ 30.193693726257468, -1.987406634116667 ], [ 30.193975185257049, -1.987375839854571 ], [ 30.194474695824095, -1.987429787823794 ], [ 30.195117679254732, -1.987474330469434 ], [ 30.195472421159504, -1.987541215303601 ], [ 30.196004542310511, -1.987585758127264 ], [ 30.196356769376226, -1.987549041756226 ], [ 30.196890858962661, -1.987515716884296 ], [ 30.197126098553497, -1.98754158921172 ], [ 30.19762575067044, -1.987507825963594 ], [ 30.197911272258867, -1.987540916820139 ], [ 30.198532067295925, -1.987540839162775 ], [ 30.199019827772542, -1.987518481059408 ], [ 30.199635638291447, -1.987407271905404 ], [ 30.200118134426692, -1.987361838150802 ], [ 30.200520189533961, -1.987326841410003 ], [ 30.200789945142269, -1.987341699204653 ], [ 30.201364302073877, -1.987291703599747 ], [ 30.20178910779978, -1.987297078114776 ], [ 30.20245634139636, -1.987272689074839 ], [ 30.202823225152997, -1.987161293264344 ], [ 30.203409706535609, -1.987161027177367 ], [ 30.203875294423362, -1.98713866949141 ], [ 30.204218990305268, -1.987030069180742 ], [ 30.204741908354563, -1.986939358064782 ], [ 30.205224121864759, -1.986945451714558 ], [ 30.205620131169979, -1.986967621640439 ], [ 30.206563011160128, -1.986716190245442 ], [ 30.207040223741409, -1.986584826738028 ], [ 30.20754017266, -1.986493819189875 ], [ 30.207845617155886, -1.986468946377414 ], [ 30.208453395818172, -1.986419465981451 ], [ 30.209194772088114, -1.986274260205024 ], [ 30.209728393383397, -1.986178720988704 ], [ 30.21023831033877, -1.986067121732706 ], [ 30.210907935132816, -1.985837923358834 ], [ 30.211723905303973, -1.985699372660135 ], [ 30.212062835419964, -1.985657860259668 ], [ 30.212716505662094, -1.985374244738733 ], [ 30.213058216588703, -1.985252520373739 ], [ 30.213984644005116, -1.984857760037397 ], [ 30.214375652205955, -1.984742473157185 ], [ 30.214732472399078, -1.984580955546265 ], [ 30.215049276538764, -1.984482698007345 ], [ 30.215399299651747, -1.984417640862502 ], [ 30.215634914658317, -1.984374817187919 ], [ 30.215831323992756, -1.984148306336515 ], [ 30.216279896864105, -1.984005114853906 ], [ 30.21667148379878, -1.983781072696235 ], [ 30.217085586655184, -1.983643178349153 ], [ 30.217390390446731, -1.983543984974044 ], [ 30.217592175948226, -1.983386232573157 ], [ 30.218098483260693, -1.983180812782368 ], [ 30.218926610691085, -1.982916477199586 ], [ 30.219283759807215, -1.982809111230264 ], [ 30.219594110713633, -1.98269719937417 ], [ 30.219903507390246, -1.982745617184553 ], [ 30.220276859283359, -1.982710260544949 ], [ 30.220610867696319, -1.982519839747113 ], [ 30.220972578505059, -1.982512950029508 ], [ 30.221236458962544, -1.982550633446258 ], [ 30.221724580123297, -1.982528182823831 ], [ 30.222121073065573, -1.982458766790872 ], [ 30.222316655057767, -1.982386803768215 ], [ 30.222730383191919, -1.982317606855747 ], [ 30.223115001171681, -1.98232246499107 ], [ 30.223413663718137, -1.982297623778818 ], [ 30.223838564203863, -1.98228581193213 ], [ 30.224263245330899, -1.982314074931256 ], [ 30.224715630614156, -1.982295311190115 ], [ 30.225170749164022, -1.982233941400726 ], [ 30.225935031877913, -1.982250533596022 ], [ 30.22634816621596, -1.982140042674228 ], [ 30.226732346404038, -1.98222503539335 ], [ 30.227065307033058, -1.982229253948699 ], [ 30.227442690493245, -1.982294935789348 ], [ 30.227810886415032, -1.982370334326034 ], [ 30.228310741129555, -1.98229649789743 ], [ 30.228809892917393, -1.982354335485603 ], [ 30.229257449735549, -1.982400066011265 ], [ 30.229837196902682, -1.98249536940669 ], [ 30.230164344112449, -1.982434405929019 ], [ 30.230530946327736, -1.982587891749598 ], [ 30.231035863171069, -1.982640074171045 ], [ 30.231616033643181, -1.982578688677158 ], [ 30.231989181975703, -1.9825834079633 ], [ 30.232723823442228, -1.982621309800389 ], [ 30.233096316173349, -1.982746236442231 ], [ 30.233475371083351, -1.982716677121215 ], [ 30.234376312955007, -1.982791028926138 ], [ 30.234737852068431, -1.982818495033126 ], [ 30.235058672429457, -1.982942780092114 ], [ 30.235322099495608, -1.983066316273203 ], [ 30.236011740387571, -1.982931905260204 ], [ 30.236295512824114, -1.982977886133562 ], [ 30.236445436583931, -1.983002181409673 ], [ 30.236713286782404, -1.983045583220221 ] ] ], [ [ [ 30.128794359783353, -2.051326338694227 ], [ 30.129507751114577, -2.052474563565292 ], [ 30.129266995589003, -2.052105878522897 ], [ 30.129216041685932, -2.052027838021007 ], [ 30.129120757462459, -2.051881928777352 ], [ 30.128989755146826, -2.051657183676221 ], [ 30.128794359783353, -2.051326338694227 ] ] ] ] } },
{ "type": "Feature", "properties": { "district": "NYARUGENGE" }, "geometry": { "type": "Polygon", "coordinates": [ [ [ 29.989396083374331, -1.868178163390687 ], [ 29.98943775613127, -1.868362865951899 ], [ 29.989479272773835, -1.868651214891801 ], [ 29.989461631706956, -1.868743191044725 ], [ 29.989542853104279, -1.869131359872579 ], [ 29.98986115655352, -1.86942876941093 ], [ 29.990489155676826, -1.869599864180599 ], [ 29.990677268228723, -1.870063213245459 ], [ 29.990967930984073, -1.870452194401411 ], [ 29.991018948463392, -1.871041657441924 ], [ 29.991037214455442, -1.871252576233754 ], [ 29.991164420580333, -1.871423233074062 ], [ 29.991274048321117, -1.871570297232866 ], [ 29.991357440598208, -1.871682179045498 ], [ 29.991644728585186, -1.872236269263264 ], [ 29.991756652389576, -1.872334307677703 ], [ 29.992111879898722, -1.872489715576001 ], [ 29.992291415033339, -1.872568255218489 ], [ 29.992718378027536, -1.873132127497039 ], [ 29.993116573923484, -1.873346654757237 ], [ 29.993025962742827, -1.874090713021738 ], [ 29.993011915445106, -1.874206156989229 ], [ 29.993138481228534, -1.874566968002049 ], [ 29.993172028967471, -1.874662615551267 ], [ 29.993213967994112, -1.874936934555256 ], [ 29.993278765656751, -1.875441280653942 ], [ 29.993412190505065, -1.875924596732994 ], [ 29.993545616141169, -1.876703261909579 ], [ 29.993709666110291, -1.87694477151011 ], [ 29.993719057964068, -1.877361093576236 ], [ 29.993903577912185, -1.878237577895685 ], [ 29.993650556520212, -1.878651198327201 ], [ 29.99358563326237, -1.878757328983339 ], [ 29.993372144243114, -1.879052693564022 ], [ 29.993364237855694, -1.879235958650146 ], [ 29.993345456918423, -1.879374899305779 ], [ 29.993407786839633, -1.879772067118686 ], [ 29.993425504351208, -1.879885057429046 ], [ 29.993265392393557, -1.880287817507599 ], [ 29.993452193657223, -1.88095908573767 ], [ 29.993573337030103, -1.881565531760353 ], [ 29.993533648902673, -1.881698426087576 ], [ 29.993334269276009, -1.882247580313052 ], [ 29.993436912998121, -1.882773862138326 ], [ 29.993292066205708, -1.883509890420529 ], [ 29.993338817018351, -1.883596116351698 ], [ 29.99345217944326, -1.883805239214626 ], [ 29.993665668402731, -1.884181158412936 ], [ 29.993898689065382, -1.884392717363174 ], [ 29.993638980509846, -1.885147775786549 ], [ 29.99409263147696, -1.885684790111131 ], [ 29.994226056139919, -1.885980155016159 ], [ 29.994466218516571, -1.886275503070198 ], [ 29.994226056800702, -1.886597708102891 ], [ 29.994223838620318, -1.887058418682383 ], [ 29.994070038156998, -1.887470287538132 ], [ 29.993879143027719, -1.887913388716567 ], [ 29.994037849934291, -1.88849227439085 ], [ 29.994092616834539, -1.888692053124684 ], [ 29.994294121882888, -1.888986980492569 ], [ 29.994386155236519, -1.889121671495486 ], [ 29.994546268186269, -1.889443877815599 ], [ 29.994759756991378, -1.889578131423491 ], [ 29.995106671099581, -1.889631829640492 ], [ 29.995240096744723, -1.889739241596202 ], [ 29.995264159181296, -1.890059681981124 ], [ 29.995272737803973, -1.890204606556729 ], [ 29.995158829168428, -1.890627912373856 ], [ 29.994973231770913, -1.891162317902133 ], [ 29.994973231868656, -1.891753031398254 ], [ 29.994973231559513, -1.891860427602746 ], [ 29.995048858829879, -1.892210459023506 ], [ 29.995106656835318, -1.89247799731219 ], [ 29.995381365934605, -1.892978999160949 ], [ 29.995373507268145, -1.893525169365674 ], [ 29.995720421628892, -1.894169597219183 ], [ 29.995799688578789, -1.894224419746432 ], [ 29.996147399648724, -1.894464945468966 ], [ 29.996225963688886, -1.894520752920955 ], [ 29.996436296299368, -1.894670145896774 ], [ 29.996601050622164, -1.894787150403139 ], [ 29.99716145341181, -1.895136213038619 ], [ 29.997438756522996, -1.89523278340765 ], [ 29.997374926327176, -1.895673227843496 ], [ 29.997535040389536, -1.896022290601854 ], [ 29.997678247147732, -1.896422613928108 ], [ 29.997900517249366, -1.896720071530242 ], [ 29.997988707212855, -1.897203716308464 ], [ 29.998128429281515, -1.897488331495047 ], [ 29.998187086551397, -1.897589213002507 ], [ 29.998415669740663, -1.897982381244678 ], [ 29.998655847203864, -1.898089777646334 ], [ 29.998815959983538, -1.898385142177831 ], [ 29.998976073748032, -1.898626792315164 ], [ 29.99916287404211, -1.898707347251388 ], [ 29.99948310010906, -1.898734188738769 ], [ 29.999643213132472, -1.898814743614463 ], [ 30.000016815639455, -1.899136950328328 ], [ 30.000123552310775, -1.899324902258657 ], [ 30.000176927850337, -1.899459155186127 ], [ 30.000363729238856, -1.899781377206884 ], [ 30.00047046600902, -1.900049868572409 ], [ 30.000630579257709, -1.900291533926595 ], [ 30.000710643172251, -1.900613739662241 ], [ 30.000870756465922, -1.900774834783682 ], [ 30.000977493284825, -1.900882247199976 ], [ 30.001110934620833, -1.901123898050742 ], [ 30.00146167614842, -1.901319895704703 ], [ 30.001577850604356, -1.901482365559536 ], [ 30.001484536350613, -1.901741467029768 ], [ 30.001614663651321, -1.902049314531208 ], [ 30.001950171741992, -1.902182881537418 ], [ 30.001889218032481, -1.902647979597972 ], [ 30.002282367144371, -1.902769359915603 ], [ 30.002405604443428, -1.902954484363331 ], [ 30.002337134053537, -1.903276798748697 ], [ 30.002508840725564, -1.903366681833018 ], [ 30.002780113238579, -1.903086831047434 ], [ 30.002889224389833, -1.903784347153779 ], [ 30.003060993913433, -1.903789159433546 ], [ 30.003290092182045, -1.904124411452149 ], [ 30.003729166072723, -1.904076898895577 ], [ 30.004004734478116, -1.904638802239975 ], [ 30.003966076997209, -1.904876874342536 ], [ 30.004066923016104, -1.905042969091852 ], [ 30.004094564726227, -1.90528749428739 ], [ 30.004056501754565, -1.905670460163703 ], [ 30.004051110615084, -1.905865770700569 ], [ 30.004480808089554, -1.906003524581406 ], [ 30.004662405850308, -1.906138121613192 ], [ 30.004864190731187, -1.906134574703804 ], [ 30.005031648027902, -1.906295623277097 ], [ 30.005140494053826, -1.90633291613517 ], [ 30.005407344162265, -1.906386614310616 ], [ 30.00556745645433, -1.906494010887925 ], [ 30.005700897609525, -1.906628264273405 ], [ 30.00586100994208, -1.906735661727295 ], [ 30.006127875890765, -1.906923628989657 ], [ 30.00642141344866, -1.907192120185248 ], [ 30.006768327877172, -1.907487485037514 ], [ 30.006981816134999, -1.907594881268482 ], [ 30.007168617764918, -1.90767543713084 ], [ 30.007328731741886, -1.90770227781059 ], [ 30.007488843375505, -1.907809690485747 ], [ 30.007702333452464, -1.908105039444264 ], [ 30.008075935882097, -1.908239292446847 ], [ 30.008373769795579, -1.908319050828203 ], [ 30.008663026478757, -1.908588354753822 ], [ 30.008889360156815, -1.908672253072345 ], [ 30.00917006935623, -1.908776306734503 ], [ 30.009436918772302, -1.908776307091239 ], [ 30.00962372019498, -1.908776290674267 ], [ 30.009757144448837, -1.908695750469161 ], [ 30.009970633474595, -1.90872259240406 ], [ 30.010184122506921, -1.908749448783481 ], [ 30.010450988834979, -1.908722592248538 ], [ 30.010611101160624, -1.908749448900041 ], [ 30.010717837742909, -1.908642036676646 ], [ 30.011064766887685, -1.908829988185899 ], [ 30.011304929377449, -1.908910544151936 ], [ 30.011438369376272, -1.908910544168733 ], [ 30.011518417911144, -1.90899108398388 ], [ 30.011625170637831, -1.909152193813014 ], [ 30.011918709027594, -1.909232749328212 ], [ 30.012318998323369, -1.909581795382087 ], [ 30.012532487375626, -1.909716050360433 ], [ 30.012799353208251, -1.909850303103789 ], [ 30.012906089926908, -1.910011398379109 ], [ 30.013039530819604, -1.910118810729745 ], [ 30.013146267169081, -1.91022620699532 ], [ 30.013226331536348, -1.910360461097728 ], [ 30.01349318101051, -1.910682666539791 ], [ 30.01370667123566, -1.910709508005409 ], [ 30.013946846941263, -1.910709507869883 ], [ 30.014133648569747, -1.910709507238682 ], [ 30.014400513560567, -1.91070950772273 ], [ 30.014640675565143, -1.910790062310871 ], [ 30.01482747632501, -1.910897458685669 ], [ 30.015040966164598, -1.910978014352816 ], [ 30.015216470372422, -1.911278409515634 ], [ 30.015521320540202, -1.911300204915855 ], [ 30.015774841380658, -1.911689544708537 ], [ 30.015748154442324, -1.91214600447853 ], [ 30.016015019500625, -1.912226543247591 ], [ 30.016201821039576, -1.912199701937275 ], [ 30.01630855681459, -1.912307098904485 ], [ 30.016495374407764, -1.912360797005152 ], [ 30.016735534679682, -1.912414495467342 ], [ 30.017349314328683, -1.912333939945361 ], [ 30.017536116320969, -1.912441336018957 ], [ 30.018028548515925, -1.91252381308773 ], [ 30.01807326854799, -1.912832488655606 ], [ 30.018193145840012, -1.91313938346393 ], [ 30.018548967276388, -1.913367801129861 ], [ 30.018843739237873, -1.913461651744473 ], [ 30.019071509462616, -1.913534191508963 ], [ 30.019400110704776, -1.913939780149431 ], [ 30.019424549527521, -1.914129872595109 ], [ 30.019721227552296, -1.914242238024193 ], [ 30.019282561371892, -1.914524306546094 ], [ 30.019157856045958, -1.914808266277405 ], [ 30.019208904658573, -1.915200620517924 ], [ 30.019024353077622, -1.915659970897779 ], [ 30.018842146616368, -1.916117086334959 ], [ 30.018517732516969, -1.916328771828147 ], [ 30.018275289703173, -1.916310491900642 ], [ 30.017951297961975, -1.916174940944553 ], [ 30.017655822182245, -1.916124227015112 ], [ 30.017448380766822, -1.916088605591632 ], [ 30.017128358594185, -1.916033672563652 ], [ 30.016484390536046, -1.916012034531679 ], [ 30.016139116647736, -1.916080871889934 ], [ 30.015947488575819, -1.916119072225143 ], [ 30.015753030749401, -1.916157834228329 ], [ 30.015523400646138, -1.916203611442476 ], [ 30.015261425966351, -1.916228468993508 ], [ 30.014834416567286, -1.916421186585408 ], [ 30.014454861839209, -1.916803792890014 ], [ 30.014349827504649, -1.917017867081286 ], [ 30.014241169719423, -1.917239332459243 ], [ 30.014076524860887, -1.917724539451882 ], [ 30.014127807445483, -1.918058602958725 ], [ 30.014169776889329, -1.918331938168332 ], [ 30.014197309265512, -1.918634677156712 ], [ 30.014224294168027, -1.918931353621685 ], [ 30.014248701715594, -1.919312319392772 ], [ 30.014269154475222, -1.919631666845546 ], [ 30.014199997550943, -1.920227628326036 ], [ 30.014195591860833, -1.920427407734119 ], [ 30.014193200764709, -1.920535805145603 ], [ 30.01429199976748, -1.920880976689152 ], [ 30.014682445280283, -1.920767721787244 ], [ 30.014855965604699, -1.920542616317564 ], [ 30.014990108514311, -1.920332509666994 ], [ 30.015376070351454, -1.920547974172805 ], [ 30.01559516912042, -1.920664479767009 ], [ 30.015943286888529, -1.92075700264332 ], [ 30.016213605274572, -1.920665949135409 ], [ 30.016447594435512, -1.920587143089873 ], [ 30.016964184332586, -1.92030494880497 ], [ 30.017288723306045, -1.920171461423132 ], [ 30.017608119847161, -1.919975727092148 ], [ 30.017945737245661, -1.919617244023577 ], [ 30.018145599911559, -1.919434276252432 ], [ 30.018549171805113, -1.919427166540447 ], [ 30.018996869824317, -1.919232731143651 ], [ 30.019386596636924, -1.918979175128766 ], [ 30.019767183258278, -1.918725370407575 ], [ 30.020157816531093, -1.918522449822042 ], [ 30.020578388358249, -1.918670639771098 ], [ 30.020738502009788, -1.918643798281986 ], [ 30.021123400696652, -1.918413787468923 ], [ 30.021541222591967, -1.918471454462999 ], [ 30.021932684067693, -1.918737664273783 ], [ 30.022148673542425, -1.919049542855094 ], [ 30.022224409704453, -1.919378201691792 ], [ 30.022235894814454, -1.919709656114639 ], [ 30.022314943192384, -1.920084403846599 ], [ 30.022346849830086, -1.920357801374041 ], [ 30.022379836185284, -1.920640417036529 ], [ 30.022295115178171, -1.920921531955291 ], [ 30.022188097710988, -1.921276625715029 ], [ 30.022094845139769, -1.921489763203065 ], [ 30.02201329687448, -1.921676168620372 ], [ 30.02187501300957, -1.92199223395267 ], [ 30.021982858954523, -1.922236712532748 ], [ 30.022066283208538, -1.922535686321923 ], [ 30.022303537640841, -1.922907950166641 ], [ 30.022573496836717, -1.923051281060629 ], [ 30.022746032641248, -1.923142896790228 ], [ 30.023067024183671, -1.923313335083534 ], [ 30.023250824371559, -1.923546142428416 ], [ 30.023419438268753, -1.923831398090418 ], [ 30.023500034073745, -1.924399347915979 ], [ 30.023835369799826, -1.924698367840576 ], [ 30.023832119658874, -1.925238788278149 ], [ 30.024127516506805, -1.925497701787823 ], [ 30.024375288935016, -1.92548300093655 ], [ 30.024627965802765, -1.925468001509484 ], [ 30.025105538769417, -1.925686029258611 ], [ 30.025546548101367, -1.925983517840022 ], [ 30.025772194887296, -1.926092430049185 ], [ 30.026082592416373, -1.926242260936923 ], [ 30.02622253268461, -1.926348204189915 ], [ 30.026596697427721, -1.926631474672721 ], [ 30.026969815378862, -1.926363248829517 ], [ 30.027236665130225, -1.926497502861268 ], [ 30.027503529380493, -1.92652434442096 ], [ 30.027744910364888, -1.926435023377799 ], [ 30.028063949171479, -1.926739137474295 ], [ 30.028330813845155, -1.927115041255105 ], [ 30.02809555955432, -1.927630026080737 ], [ 30.028279329535028, -1.92819625726904 ], [ 30.028597367689226, -1.928464999152737 ], [ 30.02891878159404, -1.928694759142329 ], [ 30.029384807053795, -1.928666402951809 ], [ 30.029603468138717, -1.928881773893981 ], [ 30.030011789650821, -1.929201338557654 ], [ 30.030420314714888, -1.929180575048522 ], [ 30.030632585214551, -1.929322203487251 ], [ 30.030895169315738, -1.929497405954359 ], [ 30.031262380292791, -1.929811221472824 ], [ 30.031025203878876, -1.930184016404459 ], [ 30.030846808631601, -1.930586043847426 ], [ 30.03076602591587, -1.930874517673381 ], [ 30.030712134204276, -1.931066985503092 ], [ 30.030602740896338, -1.931457653586557 ], [ 30.030600429201424, -1.931826526111043 ], [ 30.030598678585203, -1.932103705536581 ], [ 30.030387346208421, -1.932619799976637 ], [ 30.030129606872705, -1.932906930218475 ], [ 30.030255469096421, -1.933212372308925 ], [ 30.030361611052278, -1.933469927762079 ], [ 30.030085965755763, -1.933991116270767 ], [ 30.029772692861023, -1.934059968520007 ], [ 30.029590610501611, -1.934099980949235 ], [ 30.029343464106194, -1.934154304691091 ], [ 30.028968721180672, -1.93419670723536 ], [ 30.028624855439087, -1.934532021462289 ], [ 30.028662043872213, -1.934928595688909 ], [ 30.028637840396897, -1.935291046983011 ], [ 30.028943393794584, -1.935281391290367 ], [ 30.029463123536882, -1.935383320072896 ], [ 30.029536517165266, -1.935797002205432 ], [ 30.029667676242941, -1.936276677373705 ], [ 30.029769599283828, -1.936561871093129 ], [ 30.029886837027945, -1.936889889309113 ], [ 30.029997011003477, -1.937465572120633 ], [ 30.030134780573185, -1.937871848338194 ], [ 30.030173469420266, -1.938047691604272 ], [ 30.030412536222865, -1.938258000732735 ], [ 30.030305785327524, -1.93855336508195 ], [ 30.030018607105891, -1.938926395008322 ], [ 30.030026873018162, -1.939457831238511 ], [ 30.030072467025473, -1.939614161788755 ], [ 30.03015668803878, -1.939902979914357 ], [ 30.030387989318772, -1.939909447991797 ], [ 30.030898954064202, -1.939997330361709 ], [ 30.031375370898775, -1.940091133745852 ], [ 30.031922196118842, -1.940124834094091 ], [ 30.032057292183673, -1.93996303638549 ], [ 30.031732316734679, -1.939530824278376 ], [ 30.031644314181644, -1.93931451510816 ], [ 30.031714191442298, -1.939024417079275 ], [ 30.03172066017504, -1.938790046083206 ], [ 30.031994056311344, -1.938682712613333 ], [ 30.032243733500358, -1.938521836150286 ], [ 30.032582319344645, -1.93829445015126 ], [ 30.032881106900859, -1.938180928709138 ], [ 30.033323616690165, -1.937792979057805 ], [ 30.033529949874016, -1.938005913098023 ], [ 30.033582528870806, -1.93826034360938 ], [ 30.033751782521943, -1.938688196332143 ], [ 30.033761408227736, -1.938920721932049 ], [ 30.034036711353256, -1.939243459193819 ], [ 30.034094869448897, -1.939378462459294 ], [ 30.034227105945146, -1.939582115541108 ], [ 30.034308764257929, -1.939707854045171 ], [ 30.034335452202715, -1.939842109058381 ], [ 30.034388828276413, -1.94003006068346 ], [ 30.034633599342733, -1.940453631901622 ], [ 30.034744930033433, -1.940488941116452 ], [ 30.034746602272946, -1.940677548616409 ], [ 30.034744790301346, -1.940909763308343 ], [ 30.03468666401815, -1.941105902487361 ], [ 30.034436970756488, -1.941101215337401 ], [ 30.034498785189395, -1.941519161917133 ], [ 30.034101682880266, -1.941873677982286 ], [ 30.034022055150814, -1.942018632977605 ], [ 30.034121339440425, -1.942407739537399 ], [ 30.033954100797331, -1.942570928195726 ], [ 30.033860505509015, -1.942890243206314 ], [ 30.033920600663876, -1.943058994148549 ], [ 30.034156621569089, -1.942790439367969 ], [ 30.034540083374566, -1.942764379768432 ], [ 30.034852855963987, -1.942559272240476 ], [ 30.035296241129405, -1.942521087986499 ], [ 30.035533902107584, -1.942546132604556 ], [ 30.035633389217281, -1.942429329913082 ], [ 30.035901051500627, -1.942280452762509 ], [ 30.036186369894086, -1.942240144380503 ], [ 30.03654750283717, -1.942275546658772 ], [ 30.036820978260199, -1.942248690301345 ], [ 30.037120921324163, -1.942176601805524 ], [ 30.037587135279061, -1.942058566234552 ], [ 30.039087918324299, -1.941990180952939 ], [ 30.039384096775663, -1.941888080707273 ], [ 30.039914249043893, -1.941861519899527 ], [ 30.04043104182006, -1.941958620976978 ], [ 30.040587232171614, -1.941987977443872 ], [ 30.040843660634778, -1.942120824878414 ], [ 30.041116463730948, -1.942249766460222 ], [ 30.041388484845186, -1.942306307757709 ], [ 30.041625646825107, -1.942215378520028 ], [ 30.041751633913904, -1.94203865957727 ], [ 30.04193162275973, -1.941651366308159 ], [ 30.042024311858999, -1.941429479979941 ], [ 30.042131266174017, -1.941184234982603 ], [ 30.042229878199027, -1.940926554915126 ], [ 30.042339911799218, -1.940667453664408 ], [ 30.042450585806623, -1.94038879096164 ], [ 30.042537400404097, -1.940204994729288 ], [ 30.042650511651026, -1.939975702219097 ], [ 30.04274656172705, -1.939793968790601 ], [ 30.042956612297441, -1.939502510091893 ], [ 30.043140741558314, -1.93931401091881 ], [ 30.043580266949213, -1.939289388624353 ], [ 30.043706738449195, -1.939299996342913 ], [ 30.043823818952028, -1.939309823756815 ], [ 30.044214108947347, -1.939287560477762 ], [ 30.044471895970098, -1.939196131050159 ], [ 30.044699619747192, -1.939246891752955 ], [ 30.044799637564527, -1.939106419080863 ], [ 30.044899733561937, -1.939033816272338 ], [ 30.045125910373297, -1.938917874301139 ], [ 30.045655452667074, -1.938743857553148 ], [ 30.045992694804433, -1.93862286833781 ], [ 30.046433313963213, -1.938467148070475 ], [ 30.046791540970492, -1.938273211574724 ], [ 30.047079640901643, -1.937985581453072 ], [ 30.047206956892378, -1.937819126670358 ], [ 30.047351802869859, -1.937629768922134 ], [ 30.047606152293827, -1.937323045833969 ], [ 30.047815922382199, -1.937007386207106 ], [ 30.048044771080015, -1.936887381895072 ], [ 30.048286823281337, -1.936745315848726 ], [ 30.048528860160246, -1.936603250673257 ], [ 30.048638550099955, -1.936535334227376 ], [ 30.048791068963087, -1.936440889943798 ], [ 30.049033105803275, -1.936237923609192 ], [ 30.049295314813495, -1.93605526786716 ], [ 30.04955752261812, -1.935771136500762 ], [ 30.049940750526822, -1.935588480716827 ], [ 30.050243304107127, -1.935365234668188 ], [ 30.0504248233323, -1.935202874284652 ], [ 30.05071079847491, -1.935112944464019 ], [ 30.051079744326923, -1.934905697786784 ], [ 30.051591396278255, -1.934878152588319 ], [ 30.051946045334677, -1.934808471980945 ], [ 30.05275148424678, -1.934706995821646 ], [ 30.053393545222232, -1.934625643027112 ], [ 30.053814523464531, -1.934593426736312 ], [ 30.054206719700161, -1.934599863805606 ], [ 30.054555118285119, -1.93455375822668 ], [ 30.054665917910459, -1.934539103467711 ], [ 30.05496328263234, -1.934470844071659 ], [ 30.055561046728663, -1.934361838367346 ], [ 30.056041385189211, -1.934320107476134 ], [ 30.056552036894622, -1.934254628216568 ], [ 30.057199458131848, -1.934159355235905 ], [ 30.057777720585452, -1.934093361396362 ], [ 30.058307810493694, -1.933982573469861 ], [ 30.058872588896694, -1.933883581802975 ], [ 30.059194845892517, -1.933785731748203 ], [ 30.059443179411304, -1.934089125893128 ], [ 30.059778921362163, -1.934386677779379 ], [ 30.060053630626641, -1.934500635841816 ], [ 30.060555141377883, -1.934695243594609 ], [ 30.060715301713323, -1.934745754935013 ], [ 30.060916962671342, -1.934809343094878 ], [ 30.061381613389177, -1.934996810396549 ], [ 30.061611572182056, -1.935109566004503 ], [ 30.06207634816888, -1.935301625896639 ], [ 30.062567389516875, -1.935490734369668 ], [ 30.062910772423702, -1.935600693547869 ], [ 30.06330056240407, -1.935775053108599 ], [ 30.063613242088255, -1.935981205965787 ], [ 30.064009703137767, -1.936277273187278 ], [ 30.064512793032449, -1.936487926400898 ], [ 30.065022945176967, -1.936705313714097 ], [ 30.065655444152821, -1.937084091401955 ], [ 30.0661687517985, -1.937463510259704 ], [ 30.06643442965628, -1.937669663508594 ], [ 30.066676888395229, -1.937824650243453 ], [ 30.066784266499738, -1.93789329999272 ], [ 30.06721547853083, -1.938159760618666 ], [ 30.067758240113065, -1.938569504863317 ], [ 30.068337817012683, -1.939112847189004 ], [ 30.068550149114966, -1.939338718328266 ], [ 30.068661370232707, -1.939451441587345 ], [ 30.069013113417331, -1.939807909384107 ], [ 30.069570015602306, -1.940232246608532 ], [ 30.070024416602411, -1.940508488029769 ], [ 30.070455520839321, -1.940814054337876 ], [ 30.070993813891356, -1.941271029780004 ], [ 30.071389306872632, -1.941616560406078 ], [ 30.071766455828737, -1.941962545748511 ], [ 30.072078104148272, -1.942302093230711 ], [ 30.072404924111922, -1.942695308175761 ], [ 30.072498644499106, -1.942803907627013 ], [ 30.072665366926461, -1.942997124141024 ], [ 30.072905216399715, -1.943275099686591 ], [ 30.073186034361239, -1.943662548788136 ], [ 30.073561777919508, -1.944084448652956 ], [ 30.073976474565168, -1.944549079195981 ], [ 30.074227324562923, -1.944930373743195 ], [ 30.074290434954381, -1.94532088566802 ], [ 30.074326920643117, -1.945534617035606 ], [ 30.074391313024705, -1.945967999762919 ], [ 30.074518878073263, -1.94628219052641 ], [ 30.074552476266859, -1.946613711981843 ], [ 30.074572890254803, -1.946889235986412 ], [ 30.074594661342523, -1.947322003756603 ], [ 30.074622758668909, -1.947562298235703 ], [ 30.074664366470127, -1.947918154420897 ], [ 30.074776541008699, -1.94842932751652 ], [ 30.07483277717041, -1.948992480858866 ], [ 30.075011327922464, -1.949457173152447 ], [ 30.075100252566759, -1.949573663053639 ], [ 30.075290427721924, -1.949822828298079 ], [ 30.075506323183873, -1.950139440708883 ], [ 30.075765673078266, -1.950667674005298 ], [ 30.075987428550594, -1.951118665432403 ], [ 30.076183370871139, -1.951633525636234 ], [ 30.076399562996698, -1.952220332863679 ], [ 30.076535519797805, -1.952720569008463 ], [ 30.076612803215216, -1.953342982547829 ], [ 30.076685273135045, -1.95387009184057 ], [ 30.076807713623868, -1.954422401285875 ], [ 30.076855574155996, -1.954640616287554 ], [ 30.076387829369875, -1.954668442311278 ], [ 30.076043899091864, -1.954624025167769 ], [ 30.075795643966838, -1.954599105331949 ], [ 30.075507810146931, -1.95459469923843 ], [ 30.075358213219548, -1.954659318898771 ], [ 30.075292726898315, -1.95472625104769 ], [ 30.075191460025046, -1.954959824028887 ], [ 30.075034815922411, -1.955196177960824 ], [ 30.074849795797224, -1.955542209299281 ], [ 30.074767356095009, -1.955678822716276 ], [ 30.074479287501795, -1.955817903612045 ], [ 30.074207250265946, -1.955833871110245 ], [ 30.073983261461326, -1.95585032302781 ], [ 30.073406950827778, -1.955866305668806 ], [ 30.073134913952437, -1.955994966384307 ], [ 30.072943144612019, -1.956204370007256 ], [ 30.072671106577317, -1.956558869658295 ], [ 30.072399070350361, -1.957041998139598 ], [ 30.072399569918289, -1.957623305323851 ], [ 30.07224106631276, -1.957862206922672 ], [ 30.072089047565548, -1.957976087201205 ], [ 30.071999311669561, -1.95819292720584 ], [ 30.071820730237647, -1.958405877386365 ], [ 30.071662508029426, -1.958691491883014 ], [ 30.071586239483128, -1.958880725707379 ], [ 30.071429689626296, -1.959367479531487 ], [ 30.071367688641082, -1.959701871307759 ], [ 30.071334437358978, -1.959935896998037 ], [ 30.071313000700869, -1.960531890647736 ], [ 30.071387565429408, -1.961117042170405 ], [ 30.0714257218578, -1.961744860799935 ], [ 30.071431316191646, -1.961836852928621 ], [ 30.07137589263025, -1.96229942105854 ], [ 30.071339252181584, -1.962911195258994 ], [ 30.071324923449019, -1.963191309924621 ], [ 30.071368939738196, -1.964002550453768 ], [ 30.071312658149296, -1.964328912276196 ], [ 30.071111450853074, -1.965540663980201 ], [ 30.071014323866407, -1.965745848619778 ], [ 30.070856773167513, -1.965837074413814 ], [ 30.070621049881282, -1.9659112248191 ], [ 30.07045471747529, -1.96608769341635 ], [ 30.070311417743589, -1.966271802708029 ], [ 30.070196102875009, -1.966355403959684 ], [ 30.070198586965954, -1.966750915586046 ], [ 30.070391513986454, -1.966909761136462 ], [ 30.070415810850953, -1.967116320775681 ], [ 30.070272136154578, -1.967536173687196 ], [ 30.06998850441235, -1.968071095537706 ], [ 30.069938660795103, -1.968208176765 ], [ 30.069828938821658, -1.96839725364228 ], [ 30.069776203899309, -1.968505024523154 ], [ 30.069598465236641, -1.96878323493719 ], [ 30.069531838925549, -1.96888685045297 ], [ 30.069309443886688, -1.969163529670347 ], [ 30.069154377407934, -1.969319812193143 ], [ 30.069065531692264, -1.96939050940501 ], [ 30.068867402790683, -1.969548214585115 ], [ 30.068456862517799, -1.969772522174599 ], [ 30.068121776502299, -1.969925414924858 ], [ 30.067676985169374, -1.970156066632755 ], [ 30.067330509563142, -1.970376985077789 ], [ 30.067198398069372, -1.970536830019515 ], [ 30.067130974203696, -1.970618400447379 ], [ 30.06705976919589, -1.970694347164619 ], [ 30.066805249037863, -1.970965791510514 ], [ 30.066756966094193, -1.971069470396648 ], [ 30.06679688895106, -1.971326368355476 ], [ 30.066689636445734, -1.971441483656738 ], [ 30.066631744562073, -1.9715847361687 ], [ 30.066392879892451, -1.971739441744696 ], [ 30.066067029102975, -1.97189677185417 ], [ 30.065776835204751, -1.971638466569915 ], [ 30.065604939792195, -1.971671229806193 ], [ 30.0654438579577, -1.971435938458074 ], [ 30.065298715250314, -1.971387816671757 ], [ 30.064816048379829, -1.971548974915349 ], [ 30.064500010053596, -1.971678541382001 ], [ 30.064005171253562, -1.971928441651806 ], [ 30.063816853670488, -1.971998279592249 ], [ 30.063709398486502, -1.972038119266968 ], [ 30.063683023059948, -1.971971874848364 ], [ 30.063639491365208, -1.971902271966889 ], [ 30.063534565997536, -1.971734474551771 ], [ 30.063502472965599, -1.971681338522901 ], [ 30.063329640851148, -1.971715242070123 ], [ 30.06296924139378, -1.971785938480646 ], [ 30.062601405501155, -1.971652763329432 ], [ 30.062466387302528, -1.971646686013485 ], [ 30.062219693608103, -1.971758316929296 ], [ 30.062127098127174, -1.971977594030538 ], [ 30.062049315122945, -1.972072117257886 ], [ 30.061961344055867, -1.972179029096263 ], [ 30.06183851311517, -1.97269665507148 ], [ 30.06173705854971, -1.972940524441086 ], [ 30.06164183724821, -1.973162254478819 ], [ 30.061611758543307, -1.973274291460303 ], [ 30.061783278388393, -1.973580685122239 ], [ 30.061911937484243, -1.973824460868758 ], [ 30.061908905937205, -1.97420406801552 ], [ 30.061885952649966, -1.974522977455933 ], [ 30.061908688338857, -1.974834198275327 ], [ 30.061858608847768, -1.97530075091952 ], [ 30.061814155012961, -1.97569820076358 ], [ 30.06179379481981, -1.976033169490413 ], [ 30.061747794518105, -1.976472036802559 ], [ 30.061740075503604, -1.976889703310105 ], [ 30.061668339852783, -1.977410531805434 ], [ 30.061617933126488, -1.977562987541404 ], [ 30.061593994442266, -1.977733440814862 ], [ 30.061590916375796, -1.977949921601837 ], [ 30.061467008048076, -1.978248379782645 ], [ 30.061304175534264, -1.978566600698588 ], [ 30.061177954611935, -1.97890227429003 ], [ 30.061130829001232, -1.979032388200753 ], [ 30.061016653839225, -1.979369889224037 ], [ 30.060666849522121, -1.97986696988554 ], [ 30.060244027888572, -1.980364690783492 ], [ 30.060112180855477, -1.980519786822363 ], [ 30.059944927621746, -1.980708223923127 ], [ 30.05978558153874, -1.980875145697952 ], [ 30.05943494760837, -1.981343776709972 ], [ 30.059328852400348, -1.981577006167607 ], [ 30.05922705351627, -1.981768770114699 ], [ 30.059125769700074, -1.982036527615494 ], [ 30.059012470854729, -1.982234368952742 ], [ 30.05888151491493, -1.982505516471158 ], [ 30.058792246344062, -1.982598352263579 ], [ 30.058663853308826, -1.982718919839583 ], [ 30.058496302673316, -1.982871202383036 ], [ 30.05826028245626, -1.983022548517785 ], [ 30.058091575976619, -1.983130727436305 ], [ 30.057856116844967, -1.983262574488001 ], [ 30.057755271209523, -1.983317304405559 ], [ 30.057587205449749, -1.983420841621204 ], [ 30.057468748644027, -1.983500913882888 ], [ 30.057352245980137, -1.983576874444896 ], [ 30.057187009276245, -1.983684615399234 ], [ 30.056848579007905, -1.983970933948231 ], [ 30.056517790582156, -1.984365227049197 ], [ 30.05637338162067, -1.984562334869609 ], [ 30.056206299877186, -1.984822342425888 ], [ 30.056104173309208, -1.984963236393295 ], [ 30.055943779199112, -1.985184498022528 ], [ 30.055692789497673, -1.985557887344184 ], [ 30.055446502512599, -1.985810442138519 ], [ 30.055293967531153, -1.986000284706457 ], [ 30.054972429304762, -1.986230233461167 ], [ 30.054608998982332, -1.986337223760864 ], [ 30.054462699522475, -1.986353503265213 ], [ 30.054419776571901, -1.986454135447802 ], [ 30.054184911223732, -1.986679538133949 ], [ 30.054207037629265, -1.98689586251571 ], [ 30.05448410581948, -1.98719813182601 ], [ 30.054611624716117, -1.987320292365782 ], [ 30.054699579561266, -1.987419956054817 ], [ 30.054771456773285, -1.987490277249694 ], [ 30.05478314441789, -1.987696399787365 ], [ 30.054711360732135, -1.987845932856148 ], [ 30.054635266731029, -1.987944580883734 ], [ 30.054563702795843, -1.988052524679867 ], [ 30.054468965779751, -1.98821108851585 ], [ 30.054411823202447, -1.98836318429333 ], [ 30.054307759021096, -1.988530716037176 ], [ 30.054114145696627, -1.98905504484102 ], [ 30.05403723731898, -1.989296601170504 ], [ 30.05390115707289, -1.989488224835934 ], [ 30.053834170444755, -1.989596214577834 ], [ 30.053822107673582, -1.989711626229607 ], [ 30.053793873807056, -1.989854614144189 ], [ 30.053751871941216, -1.990004397631613 ], [ 30.053714481350156, -1.990144994482724 ], [ 30.05372302872377, -1.990262906258344 ], [ 30.053664933351598, -1.990421798067571 ], [ 30.05360932235406, -1.990543740356177 ], [ 30.053567477626302, -1.990661197937186 ], [ 30.053511805033743, -1.990796998185487 ], [ 30.053456256567138, -1.990907396085454 ], [ 30.053389145719027, -1.991040789965016 ], [ 30.053287425196856, -1.99122008663668 ], [ 30.053199595149614, -1.991371775463395 ], [ 30.053134719334579, -1.991514435335843 ], [ 30.05307454612057, -1.991636346098952 ], [ 30.052929323732826, -1.991812939856384 ], [ 30.052795883593188, -1.991927257415824 ], [ 30.052620989170361, -1.992087399278923 ], [ 30.052471532416153, -1.992199265367079 ], [ 30.052221136920505, -1.992344877830253 ], [ 30.052080820732041, -1.99246144491597 ], [ 30.051937895796943, -1.992635742120498 ], [ 30.051824814620058, -1.99280107076123 ], [ 30.05174386038841, -1.992952822606543 ], [ 30.051578122339883, -1.993110746364539 ], [ 30.051460822889631, -1.993206722902015 ], [ 30.051352570156762, -1.993323572011689 ], [ 30.051271818702791, -1.993436060811274 ], [ 30.051172629609137, -1.993569158948561 ], [ 30.051080486408587, -1.993672306950251 ], [ 30.051011218735507, -1.993777953225559 ], [ 30.050957968538238, -1.993886052768404 ], [ 30.05088637286353, -1.994000933530975 ], [ 30.050814605573457, -1.99414815466331 ], [ 30.050733509930016, -1.994325310616041 ], [ 30.050677868238974, -1.994454189929961 ], [ 30.050629116890086, -1.994580818760761 ], [ 30.05056633543667, -1.994758163168216 ], [ 30.05052910011792, -1.994873340416752 ], [ 30.050436566147379, -1.995048089970561 ], [ 30.05033482992491, -1.995232011815341 ], [ 30.050267718585996, -1.995363092896208 ], [ 30.050219828057852, -1.995509033474124 ], [ 30.050151559950965, -1.995676252732534 ], [ 30.050183014968791, -1.995794367322786 ], [ 30.050115934849622, -1.995918528460508 ], [ 30.050087653205225, -1.996070748923927 ], [ 30.050064058935263, -1.996202222097738 ], [ 30.050049652659368, -1.996329163702571 ], [ 30.050030574143978, -1.996472244430118 ], [ 30.05000472959037, -1.996596765175541 ], [ 30.04995368132062, -1.996723379584918 ], [ 30.04989336725188, -1.996868380810204 ], [ 30.049856116629762, -1.996985871622702 ], [ 30.049827960032921, -1.997112687926032 ], [ 30.049806538282681, -1.997267298631878 ], [ 30.049776130504476, -1.997387163411184 ], [ 30.049745662010469, -1.997520886152346 ], [ 30.049696582396731, -1.997707588437085 ], [ 30.049654628242958, -1.997848137398881 ], [ 30.049615095915065, -1.997960987549346 ], [ 30.049559532643485, -1.998073695282473 ], [ 30.049473968288616, -1.99823002638045 ], [ 30.049418279076118, -1.998370467218304 ], [ 30.04937185635173, -1.99848556603046 ], [ 30.049332340171237, -1.998598415269131 ], [ 30.049228290690309, -1.99878461723032 ], [ 30.049140336583175, -1.99896172627951 ], [ 30.049103116221765, -1.999072279953163 ], [ 30.049067990535985, -1.999217515546561 ], [ 30.049035131299604, -1.999369705375815 ], [ 30.048995099192126, -1.999577281134497 ], [ 30.049019489567716, -1.999732282982746 ], [ 30.049080319872992, -1.999922281370456 ], [ 30.049129976542449, -2.000061362352925 ], [ 30.049122351421886, -2.000204522312964 ], [ 30.049130742116709, -2.000352461800983 ], [ 30.049102413776385, -2.000511619364839 ], [ 30.049005364554958, -2.000677104706995 ], [ 30.048894644510728, -2.000826279628737 ], [ 30.04881357967653, -2.000998825510139 ], [ 30.048751203739386, -2.00110222302629 ], [ 30.048670186249304, -2.001265537193213 ], [ 30.04861696609629, -2.001369012213635 ], [ 30.048512807374063, -2.001578321887651 ], [ 30.048459431666377, -2.001711840878518 ], [ 30.048424446262874, -2.001831674110955 ], [ 30.048368413477274, -2.002034468507298 ], [ 30.048305475146453, -2.002244152290569 ], [ 30.048287897638975, -2.002539721158485 ], [ 30.048306912892766, -2.002685066374869 ], [ 30.048520058287316, -2.0024644297781 ], [ 30.048861097051898, -2.002267884737988 ], [ 30.049268512258536, -2.002157098334599 ], [ 30.049766742508382, -2.002002924475072 ], [ 30.050190251405866, -2.001948773012806 ], [ 30.050653590096982, -2.001867200943798 ], [ 30.051138990923256, -2.001819830676002 ], [ 30.051539452591879, -2.001799066399195 ], [ 30.051764255207598, -2.001842670877655 ], [ 30.05189164921228, -2.001879059120645 ], [ 30.052052027744821, -2.001866637739211 ], [ 30.052306236415109, -2.00186893504184 ], [ 30.052436707684443, -2.001881652822472 ], [ 30.052585273594836, -2.001940756457063 ], [ 30.052704166234598, -2.001976487376013 ], [ 30.052823137616794, -2.002000657623475 ], [ 30.052974016326612, -2.002052840307406 ], [ 30.053078612051671, -2.002199342177867 ], [ 30.053176520137182, -2.002306488993915 ], [ 30.053281570626908, -2.002365202356025 ], [ 30.053427729893869, -2.002445070317461 ], [ 30.05352585698537, -2.002512954997377 ], [ 30.053690188561713, -2.002620711004931 ], [ 30.053824770142967, -2.002723577625467 ], [ 30.053991617383943, -2.002787462342751 ], [ 30.054110277002483, -2.002869391485108 ], [ 30.054235325892009, -2.003046094842448 ], [ 30.054342312239449, -2.003169505073155 ], [ 30.054513363607974, -2.003305055373621 ], [ 30.054613725069427, -2.003384501473948 ], [ 30.054709554546676, -2.003452371684786 ], [ 30.054814573852308, -2.003515693109445 ], [ 30.054949278861354, -2.003595468155702 ], [ 30.055115892251191, -2.003705551081275 ], [ 30.055207097872447, -2.003782606995876 ], [ 30.055327991004162, -2.003876113813079 ], [ 30.055412274210976, -2.003964668203083 ], [ 30.055505745295378, -2.00404406835306 ], [ 30.055613028383412, -2.004112030371406 ], [ 30.055834736907851, -2.004199507363407 ], [ 30.055980943709475, -2.004267828896436 ], [ 30.056104430304529, -2.004305902827407 ], [ 30.056202526309082, -2.004378412688487 ], [ 30.056304997062036, -2.004490230622814 ], [ 30.056400843672062, -2.004555771774312 ], [ 30.056547174768451, -2.004603299077902 ], [ 30.056702709019977, -2.004641670316754 ], [ 30.056832852849777, -2.004719085654007 ], [ 30.056891713468186, -2.004848995847196 ], [ 30.056968856314842, -2.004985998986478 ], [ 30.057027779560961, -2.00510667565828 ], [ 30.057114125658959, -2.005236820035219 ], [ 30.057257424994145, -2.005422944139086 ], [ 30.057368849994415, -2.00557643052567 ], [ 30.057473602441295, -2.00568826458001 ], [ 30.057619480889734, -2.005821283873426 ], [ 30.057726654417113, -2.005912337219502 ], [ 30.057851953848274, -2.006038232881129 ], [ 30.057952191412568, -2.00613847384408 ], [ 30.058100366762336, -2.006271508385152 ], [ 30.058271651830875, -2.006363157242248 ], [ 30.058420248662394, -2.006415324108849 ], [ 30.058582549297725, -2.006472225254965 ], [ 30.058754005857509, -2.006531532790753 ], [ 30.05894385368428, -2.006579449924082 ], [ 30.059081075528461, -2.006615337071703 ], [ 30.059222954352922, -2.006637413112377 ], [ 30.059360253999881, -2.006661754046251 ], [ 30.059515850930062, -2.006686252577366 ], [ 30.059721902139639, -2.006701969761846 ], [ 30.059843170609415, -2.006721545705124 ], [ 30.059975861509642, -2.006750465977791 ], [ 30.06010162901854, -2.006788554887633 ], [ 30.060307634567202, -2.006808897347524 ], [ 30.060429012044256, -2.006809990841999 ], [ 30.060577858086667, -2.006815959185075 ], [ 30.060808958672407, -2.006857314597352 ], [ 30.060987227951173, -2.006925918462783 ], [ 30.061124401749147, -2.006973350719548 ], [ 30.061257030106695, -2.007011519776574 ], [ 30.061531490143633, -2.007083294567836 ], [ 30.061702930770206, -2.007144914461911 ], [ 30.061910920015112, -2.007227640959473 ], [ 30.062054923382338, -2.007279776911209 ], [ 30.062208051478635, -2.007341224699868 ], [ 30.062420540557167, -2.007437855945515 ], [ 30.062557622459106, -2.007501475896517 ], [ 30.062664983646965, -2.007553267703063 ], [ 30.062834221309011, -2.007598685273954 ], [ 30.062960005935004, -2.00763447937242 ], [ 30.063083524039826, -2.007663320150983 ], [ 30.063232292484731, -2.0076831317358 ], [ 30.06340157836172, -2.007719315732882 ], [ 30.063557097046726, -2.00776229536988 ], [ 30.063717069958631, -2.007826117826187 ], [ 30.063845087977516, -2.007871176934819 ], [ 30.064014248121509, -2.007932765013112 ], [ 30.064135391860539, -2.007977744777588 ], [ 30.064373005834543, -2.008048128587042 ], [ 30.064313114247756, -2.008169524186566 ], [ 30.064158798662806, -2.008389238842901 ], [ 30.064018748694384, -2.008682573197755 ], [ 30.063924762470648, -2.00901244905401 ], [ 30.063855213473285, -2.009229352033526 ], [ 30.063786165247819, -2.009517624092897 ], [ 30.063737211960337, -2.009729792376302 ], [ 30.063737321632924, -2.010077526471834 ], [ 30.063733055551239, -2.010457524213282 ], [ 30.063757696541902, -2.010706080077092 ], [ 30.063791556314403, -2.010908202112228 ], [ 30.063878918165582, -2.011338617421649 ], [ 30.064011030661128, -2.011554269740627 ], [ 30.064153409170018, -2.011928752687095 ], [ 30.064299302909955, -2.012148920342813 ], [ 30.064438915530221, -2.012456642431768 ], [ 30.064546996832203, -2.012842858293437 ], [ 30.064604419785876, -2.013194842802143 ], [ 30.064640154775724, -2.013392668604986 ], [ 30.064657827701978, -2.013629757220343 ], [ 30.064650280336725, -2.013864688827752 ], [ 30.064626592479755, -2.014083606919827 ], [ 30.064636640146862, -2.014244139730287 ], [ 30.064835347329105, -2.014860256320266 ], [ 30.065053570962284, -2.015701337277852 ], [ 30.065197621969055, -2.016455145556905 ], [ 30.065329562519793, -2.017010174701674 ], [ 30.065509143991996, -2.017151801296512 ], [ 30.065622896570506, -2.017225311130584 ], [ 30.065773009376869, -2.017412372933596 ], [ 30.065907825407294, -2.017528970700158 ], [ 30.066118626681678, -2.017531548818946 ], [ 30.066266520543543, -2.017397748670051 ], [ 30.066415040196546, -2.017356080084032 ], [ 30.067189542235255, -2.017736343179046 ], [ 30.067971699001678, -2.018045564793288 ], [ 30.068820921358089, -2.018447606663334 ], [ 30.069807084566559, -2.019129842859585 ], [ 30.070976001462189, -2.019933130759441 ], [ 30.071426793066795, -2.020271177250402 ], [ 30.071830020513787, -2.020436709518478 ], [ 30.072383798554981, -2.020885326232691 ], [ 30.072906263770946, -2.021422339467672 ], [ 30.073195848881895, -2.022575190798136 ], [ 30.073356867618976, -2.023466673322133 ], [ 30.073632156031032, -2.024153752622179 ], [ 30.073800846623058, -2.024601149929703 ], [ 30.073904428310527, -2.025229844054081 ], [ 30.074041837152919, -2.025977480541669 ], [ 30.074045666299998, -2.026739850277554 ], [ 30.074066120618028, -2.027595055380714 ], [ 30.074186778521582, -2.028146224829208 ], [ 30.074511068118728, -2.028600636969125 ], [ 30.075024095436351, -2.029250048222984 ], [ 30.075611046000919, -2.029939642239689 ], [ 30.076195731236403, -2.030735055603226 ], [ 30.076856324335751, -2.031577636564147 ], [ 30.077504744857698, -2.032223938190461 ], [ 30.078313012955881, -2.032778419450864 ], [ 30.078466922749001, -2.032862911766012 ], [ 30.078485548423654, -2.03303027165608 ], [ 30.078466939496987, -2.034047212684877 ], [ 30.078573566806782, -2.035030655875141 ], [ 30.078597630455928, -2.035162440853512 ], [ 30.078712664117084, -2.035792197558725 ], [ 30.079012185762018, -2.036289231044819 ], [ 30.079240582290758, -2.036734722611478 ], [ 30.079360615455265, -2.036885958395277 ], [ 30.079668935774926, -2.037274409656483 ], [ 30.079988052289377, -2.037742397429503 ], [ 30.080424249574371, -2.03825941387593 ], [ 30.081099202262113, -2.038768743873725 ], [ 30.081428522584893, -2.03900001970846 ], [ 30.081729357493938, -2.039145116645913 ], [ 30.081889579427898, -2.039419138862544 ], [ 30.081777905780285, -2.04014866739794 ], [ 30.081617558817644, -2.040783891668828 ], [ 30.08146558659983, -2.041437928004551 ], [ 30.081392398171168, -2.042178392933453 ], [ 30.081405085407265, -2.043001022533359 ], [ 30.081458180643338, -2.043949812343025 ], [ 30.081619076182967, -2.045216622053045 ], [ 30.081802690213628, -2.046221938523119 ], [ 30.082015445524043, -2.047136466829781 ], [ 30.082118369412903, -2.04746117171459 ], [ 30.08214141724855, -2.047830639096723 ], [ 30.082154698544969, -2.048639473048777 ], [ 30.082208185119828, -2.049526112715486 ], [ 30.082249733040573, -2.050476683846826 ], [ 30.082237186569852, -2.05092744025605 ], [ 30.082128356139847, -2.051431441929623 ], [ 30.082079635927336, -2.051604255390687 ], [ 30.081936397901789, -2.05168299853488 ], [ 30.081820458469171, -2.05192647720831 ], [ 30.081964790424273, -2.05299220992946 ], [ 30.082189092354444, -2.053904941267486 ], [ 30.082315657419546, -2.054585333247334 ], [ 30.082407160410536, -2.055068400140906 ], [ 30.082361815680102, -2.055694999966274 ], [ 30.082319392888504, -2.056572703145559 ], [ 30.082263485788626, -2.05712513792568 ], [ 30.082279658436143, -2.057388364710793 ], [ 30.082519444596944, -2.057675479895823 ], [ 30.082873140540759, -2.057926285482953 ], [ 30.083366635516363, -2.058390602834791 ], [ 30.083779473869779, -2.058865122830471 ], [ 30.084063277130344, -2.059354547610011 ], [ 30.084413878552837, -2.059623617394091 ], [ 30.08520766151085, -2.059822833668878 ], [ 30.0858859272623, -2.059936260849873 ], [ 30.086313795996332, -2.060061452880087 ], [ 30.086897075012786, -2.060198222242388 ], [ 30.087147282700521, -2.060240826951188 ], [ 30.087287833385108, -2.06028029199896 ], [ 30.087096422557334, -2.060732205022331 ], [ 30.086672241772071, -2.06126576708594 ], [ 30.08624674844009, -2.061670309731451 ], [ 30.086011649736566, -2.061996093530474 ], [ 30.08595852392429, -2.062507015892663 ], [ 30.084835108237968, -2.062196762506734 ], [ 30.084219781483768, -2.062739652707829 ], [ 30.084181187315465, -2.063065748668243 ], [ 30.084227516874627, -2.063365237602462 ], [ 30.084427051969346, -2.063594326144075 ], [ 30.084717996761462, -2.063740578684032 ], [ 30.08494064186738, -2.063930639926755 ], [ 30.085258086737237, -2.064190069835162 ], [ 30.08549176341258, -2.064397238920821 ], [ 30.085673830059058, -2.064665433813993 ], [ 30.085828615544752, -2.064871149148983 ], [ 30.086000900389138, -2.065037743463737 ], [ 30.086132653079886, -2.065276831402712 ], [ 30.086224390511408, -2.065554635465958 ], [ 30.086107653268279, -2.065828564488858 ], [ 30.085936883872023, -2.065943741558607 ], [ 30.085630314014164, -2.066095837368823 ], [ 30.085262087763244, -2.066224247172345 ], [ 30.084872391582071, -2.066279024292796 ], [ 30.084567134695362, -2.066340987154058 ], [ 30.084157156913179, -2.066626400109535 ], [ 30.083968089861752, -2.066837006166914 ], [ 30.083744866966097, -2.067069532387027 ], [ 30.083443343841218, -2.067261171758366 ], [ 30.083155321792557, -2.067300918414003 ], [ 30.082850987374545, -2.067300918134713 ], [ 30.082303772276077, -2.067335868367243 ], [ 30.08191655991763, -2.067221644166069 ], [ 30.081472753699014, -2.067123278652583 ], [ 30.081186388112254, -2.067050363304183 ], [ 30.08088785071763, -2.067039192423528 ], [ 30.080566514991094, -2.067044519766831 ], [ 30.080286353173282, -2.066932280380276 ], [ 30.079928391278987, -2.066745343872428 ], [ 30.079599337427812, -2.066508240656957 ], [ 30.079422427113542, -2.066273933511938 ], [ 30.0793580344465, -2.066052999279592 ], [ 30.079346330918376, -2.065697797203466 ], [ 30.079442426687802, -2.065293879798408 ], [ 30.079648414877735, -2.065083570068032 ], [ 30.0798249037266, -2.064962878053828 ], [ 30.080232897442002, -2.064812656746075 ], [ 30.080493731334094, -2.064704791769232 ], [ 30.080755565044491, -2.064529338262205 ], [ 30.081035039599605, -2.064303483487663 ], [ 30.081197262110738, -2.06400221374167 ], [ 30.081213324764605, -2.063675710179464 ], [ 30.081114463609083, -2.063499211470421 ], [ 30.080734626955959, -2.063266794293436 ], [ 30.080310961047157, -2.063332194734983 ], [ 30.079944061841218, -2.063370488624999 ], [ 30.079678821590758, -2.06339375263464 ], [ 30.079234358932744, -2.06334044513267 ], [ 30.078965305360725, -2.063239672408421 ], [ 30.07871365988251, -2.063105418845328 ], [ 30.078456201269383, -2.062982336357292 ], [ 30.07824954039658, -2.062854535525785 ], [ 30.078078097968618, -2.062631618535396 ], [ 30.077879297678713, -2.062351845694162 ], [ 30.077557289334344, -2.062019079157404 ], [ 30.077382551148776, -2.062404622857584 ], [ 30.077377848800069, -2.06272571907432 ], [ 30.077518883188638, -2.063100217578431 ], [ 30.077639042263645, -2.063361631329407 ], [ 30.077827984221916, -2.063545441915334 ], [ 30.078149491158634, -2.063912003979286 ], [ 30.078281416454612, -2.064139826822908 ], [ 30.078368106332878, -2.064378087409206 ], [ 30.07832379187489, -2.064709713343248 ], [ 30.078020285635141, -2.06503654405009 ], [ 30.077663746180519, -2.065137004100735 ], [ 30.077432725892368, -2.065132723834392 ], [ 30.077081984286082, -2.065222028018702 ], [ 30.076846259742666, -2.065538827595843 ], [ 30.076887698704105, -2.065787524168868 ], [ 30.077024108333763, -2.0660943250417 ], [ 30.077008045716752, -2.066420826776508 ], [ 30.077004420362854, -2.066668679880551 ], [ 30.076987356831207, -2.067062801758996 ], [ 30.076960856955743, -2.067332762476959 ], [ 30.076828729193917, -2.067888150194364 ], [ 30.076791775853284, -2.068101583462128 ], [ 30.076698070814906, -2.068342141148908 ], [ 30.076571645402218, -2.068508845062842 ], [ 30.076320577557492, -2.068718310033788 ], [ 30.075951944875673, -2.068874890363008 ], [ 30.075568639738716, -2.068879061993195 ], [ 30.075236772256204, -2.068833487380669 ], [ 30.074940624457287, -2.068658956712421 ], [ 30.074678947170444, -2.068440007851279 ], [ 30.074484630029595, -2.068239198074396 ], [ 30.074336534266727, -2.067960363041223 ], [ 30.074241968798667, -2.067490935808905 ], [ 30.074174169755874, -2.067117782111125 ], [ 30.074029306622599, -2.066619263861115 ], [ 30.073926539241643, -2.065941199062496 ], [ 30.073954774580621, -2.065552937480219 ], [ 30.073910085889636, -2.065140771146362 ], [ 30.073837068035441, -2.064739369055649 ], [ 30.073799098634581, -2.064254084158687 ], [ 30.073460012321409, -2.063932269529094 ], [ 30.073193709896742, -2.06402876109113 ], [ 30.072699714401764, -2.064278817462623 ], [ 30.072284923684563, -2.064507796440019 ], [ 30.071888853131522, -2.064613146447493 ], [ 30.071486656553528, -2.064752213530118 ], [ 30.071364528426773, -2.065009142716178 ], [ 30.071269260563334, -2.065356721638669 ], [ 30.071282698355407, -2.065593637417103 ], [ 30.071287199499363, -2.066438905731396 ], [ 30.071306106342867, -2.066687181118535 ], [ 30.071330076246273, -2.066974998716281 ], [ 30.071355185249196, -2.067183949351909 ], [ 30.07136771787005, -2.067482813479729 ], [ 30.071161822396039, -2.067687482037154 ], [ 30.071001818535208, -2.067836657039324 ], [ 30.070688280036215, -2.068078776307951 ], [ 30.070421571646332, -2.068203436460518 ], [ 30.070195691890028, -2.068233059037239 ], [ 30.069853808942764, -2.068102774086456 ], [ 30.069483581486281, -2.067983222480853 ], [ 30.069073917334414, -2.067862951668181 ], [ 30.068402885218909, -2.067501188345355 ], [ 30.068113629250149, -2.067625426711567 ], [ 30.068032018177053, -2.067809863348162 ], [ 30.068003205904425, -2.068237559703104 ], [ 30.067869312455393, -2.06852808122561 ], [ 30.067747278523683, -2.068779387195405 ], [ 30.067625728575333, -2.068996883080823 ], [ 30.067487116289215, -2.069225347017312 ], [ 30.06735380085053, -2.069476433660196 ], [ 30.067198281222034, -2.069704570884679 ], [ 30.066842164910991, -2.069776876696636 ], [ 30.066508563714656, -2.069849574009831 ], [ 30.066091616750207, -2.06984187027348 ], [ 30.065613512922411, -2.069776673246441 ], [ 30.065235660278304, -2.069792219191766 ], [ 30.064903980798846, -2.069881352612706 ], [ 30.064647194194016, -2.069950361652514 ], [ 30.064362328842787, -2.070159202998882 ], [ 30.064121807146247, -2.070419586051027 ], [ 30.063906365542593, -2.070505750660222 ], [ 30.063675516601776, -2.070490205314278 ], [ 30.063254913307084, -2.070347186587528 ], [ 30.063060846567421, -2.070129487513334 ], [ 30.062800075235941, -2.069848559335527 ], [ 30.062594726322729, -2.069630641771775 ], [ 30.062077996752606, -2.069125233392681 ], [ 30.061827584492733, -2.068906487211057 ], [ 30.061632923616816, -2.068728206507313 ], [ 30.061483858110638, -2.068516959601203 ], [ 30.061343713626542, -2.068080499459915 ], [ 30.061285619025274, -2.067814600460372 ], [ 30.061223289243848, -2.067452820228684 ], [ 30.061138349304148, -2.067096274001467 ], [ 30.06108695751556, -2.066757241097224 ], [ 30.061040284197976, -2.066480282054439 ], [ 30.060841248725843, -2.066217399376256 ], [ 30.060593914691477, -2.065984654717901 ], [ 30.060468193157313, -2.065906224933677 ], [ 30.060137170447835, -2.065804310844673 ], [ 30.059798506963798, -2.065837496125154 ], [ 30.059528063318627, -2.065832481227547 ], [ 30.059224618521913, -2.0657705180712 ], [ 30.058886220497477, -2.065786798115642 ], [ 30.058569855142899, -2.065837293430083 ], [ 30.058260706518872, -2.065780861900848 ], [ 30.057883776607781, -2.065734427846286 ], [ 30.057562769127781, -2.06571722703101 ], [ 30.057325545329022, -2.065752270341029 ], [ 30.057015647913694, -2.065746536503422 ], [ 30.056739312928013, -2.065758333213751 ], [ 30.05642460394948, -2.065696166419855 ], [ 30.056137988489048, -2.065640139764398 ], [ 30.055935811357578, -2.065591316708557 ], [ 30.055677930629436, -2.065496403126859 ], [ 30.055222624328596, -2.065414723961608 ], [ 30.054875257118315, -2.06527306427815 ], [ 30.054588890223236, -2.065200148577035 ], [ 30.054353979546129, -2.065077472863004 ], [ 30.054085581844173, -2.064931642588511 ], [ 30.053757450510282, -2.064632559248714 ], [ 30.053503959704862, -2.064239078814643 ], [ 30.053298204667779, -2.064049330817777 ], [ 30.053113076557377, -2.063606400944109 ], [ 30.052850210787945, -2.063083150541119 ], [ 30.052850366779918, -2.062688732621837 ], [ 30.052850367678392, -2.062688717246203 ], [ 30.052873288977334, -2.062277815908296 ], [ 30.052865491474385, -2.062041025409728 ], [ 30.052870211326873, -2.061719928201302 ], [ 30.052994385454738, -2.061322167812445 ], [ 30.053121497269046, -2.061110405193207 ], [ 30.053289344361808, -2.060809244670281 ], [ 30.053535521069328, -2.060548969759989 ], [ 30.053898107707482, -2.06042045080901 ], [ 30.054180489210264, -2.060380593919536 ], [ 30.054363711764299, -2.060569936496639 ], [ 30.054518419393165, -2.060781277106965 ], [ 30.054655640493174, -2.061031739287714 ], [ 30.055088759639855, -2.061090468160934 ], [ 30.055307170032862, -2.060801509387864 ], [ 30.055451407432479, -2.060573170177297 ], [ 30.05560345851406, -2.060286383456864 ], [ 30.055674616365856, -2.060152145534839 ], [ 30.055793680752469, -2.059908979662091 ], [ 30.055944559124139, -2.059613131289117 ], [ 30.056077124931146, -2.059412742584655 ], [ 30.056232800349836, -2.059173326128922 ], [ 30.05637755230245, -2.058911177657001 ], [ 30.056409350460179, -2.058663840814202 ], [ 30.056452835276563, -2.058388552500459 ], [ 30.056534868783221, -2.058175961843678 ], [ 30.056715559389286, -2.057767967144053 ], [ 30.056797748855399, -2.057544111571317 ], [ 30.0567738741459, -2.057250668868786 ], [ 30.056720746505601, -2.057029924009566 ], [ 30.056685105358262, -2.05677007110541 ], [ 30.056686558067423, -2.056437710009273 ], [ 30.056687480055828, -2.056223557543134 ], [ 30.056759966574337, -2.055892462846758 ], [ 30.056657541841847, -2.055575021610623 ], [ 30.056472021851327, -2.055309826036585 ], [ 30.056287127177935, -2.055083580460887 ], [ 30.055845976798853, -2.054804966415192 ], [ 30.055224197805064, -2.054928689484659 ], [ 30.054970160447734, -2.055340949234077 ], [ 30.054787562836076, -2.055878495114748 ], [ 30.054635045076736, -2.056286990611053 ], [ 30.054208065583786, -2.056577730055024 ], [ 30.053935965961841, -2.056685393037441 ], [ 30.053564660518663, -2.056639068038778 ], [ 30.053326187448228, -2.05637546751353 ], [ 30.053077993842404, -2.056004625989408 ], [ 30.053105322825594, -2.055678311146243 ], [ 30.053211949873845, -2.055325310625722 ], [ 30.053339703377873, -2.055068473901588 ], [ 30.053400093950611, -2.054793498923077 ], [ 30.053360468977214, -2.054420875878455 ], [ 30.052964396777622, -2.054143087971314 ], [ 30.052737609964954, -2.054234673575341 ], [ 30.052225208053226, -2.054585814350899 ], [ 30.051986000688562, -2.054756065516438 ], [ 30.051713229327394, -2.054908785922494 ], [ 30.05110662217831, -2.055151108954791 ], [ 30.050537046799615, -2.055174372398084 ], [ 30.050120083837456, -2.055166655296601 ], [ 30.049821514241003, -2.055117205862823 ], [ 30.049507258295026, -2.055065163809361 ], [ 30.04900859025016, -2.054864353852996 ], [ 30.048565611867495, -2.054709665261042 ], [ 30.048111945320354, -2.054515323156388 ], [ 30.047814626801387, -2.054419659630979 ], [ 30.047460821289885, -2.05433422975706 ], [ 30.047049422488517, -2.054332245877561 ], [ 30.046726508991419, -2.054444595983405 ], [ 30.046466503333537, -2.054496138149779 ], [ 30.04620715351632, -2.054502606186593 ], [ 30.045950710016516, -2.054695073819445 ], [ 30.045737268654314, -2.055029200239569 ], [ 30.045451011739527, -2.055333797587347 ], [ 30.045217100947557, -2.055526687741212 ], [ 30.044955344461535, -2.055696516131668 ], [ 30.044778715161989, -2.055839971996249 ], [ 30.044504662893917, -2.056062498320998 ], [ 30.044307752368407, -2.056428310519991 ], [ 30.044437114131345, -2.056830759108838 ], [ 30.044558508332898, -2.057007680194361 ], [ 30.044611228753617, -2.057256580074046 ], [ 30.044675448486373, -2.057488793466951 ], [ 30.044757247456467, -2.057676245231808 ], [ 30.044816421044263, -2.057868916295679 ], [ 30.044948252320996, -2.05810237951825 ], [ 30.045084661509705, -2.058409165287004 ], [ 30.045215180201321, -2.058732761278735 ], [ 30.045166225517004, -2.058996690525825 ], [ 30.04507872342429, -2.059197906449311 ], [ 30.04469955934762, -2.05930358564762 ], [ 30.044486195346952, -2.059248934054221 ], [ 30.044301566982774, -2.059150098443187 ], [ 30.044050013885226, -2.059015470240056 ], [ 30.043658645449852, -2.058799740388492 ], [ 30.043390170785802, -2.05865954928433 ], [ 30.043104960423729, -2.058507765374759 ], [ 30.042864502015732, -2.058379355660576 ], [ 30.04252360405243, -2.058181467104627 ], [ 30.04217069082139, -2.058034058746938 ], [ 30.041879261660711, -2.057921615549626 ], [ 30.041598286453969, -2.057865699117476 ], [ 30.041323186571717, -2.057792985978654 ], [ 30.041109400179945, -2.057766504775377 ], [ 30.040759236760618, -2.057816359750136 ], [ 30.040482246036902, -2.057873214113754 ], [ 30.040165379886009, -2.057957504060572 ], [ 30.039848779379739, -2.05802490427621 ], [ 30.03943423932586, -2.058236978750896 ], [ 30.039284516651016, -2.058453960445338 ], [ 30.039140029393234, -2.058699204187405 ], [ 30.039026933118439, -2.059108448888639 ], [ 30.038975338775675, -2.059552628181589 ], [ 30.038820241392973, -2.059752594584441 ], [ 30.038602017814423, -2.059892738704297 ], [ 30.038462327704636, -2.060230052358836 ], [ 30.038197041281041, -2.060930693022751 ], [ 30.038598314902664, -2.061050102985217 ], [ 30.038775803055756, -2.061244961058935 ], [ 30.039031856642225, -2.061463816703108 ], [ 30.039134374370743, -2.061775617178972 ], [ 30.039096436055029, -2.062056654516038 ], [ 30.039010465816933, -2.062258526707033 ], [ 30.038915479267732, -2.062481538776962 ], [ 30.038758757454175, -2.063177430301125 ], [ 30.038267964263902, -2.063207677040822 ], [ 30.037976896269953, -2.063455858241996 ], [ 30.037816486659761, -2.063633202621596 ], [ 30.037667920207241, -2.063771314464477 ], [ 30.037539073726425, -2.064019277360007 ], [ 30.037435931610062, -2.064217790754046 ], [ 30.037401242830011, -2.065001126701795 ], [ 30.038014428930648, -2.065124397369446 ], [ 30.038502455383398, -2.064896776712395 ], [ 30.038875494554357, -2.064824797946503 ], [ 30.039136501066164, -2.064705668478568 ], [ 30.039414241522653, -2.064598115484351 ], [ 30.039838156554346, -2.064515810046409 ], [ 30.040129491636666, -2.064633892823972 ], [ 30.040334668174815, -2.064863076510934 ], [ 30.040336417984609, -2.065127943131052 ], [ 30.04023899483656, -2.065621976765745 ], [ 30.040253245535261, -2.066335631919143 ], [ 30.040153774627701, -2.066802731137122 ], [ 30.040021130369041, -2.067169729610061 ], [ 30.0399589723433, -2.067443986011756 ], [ 30.039623200504515, -2.068003843192413 ], [ 30.039291880610147, -2.068177780421515 ], [ 30.038860480427395, -2.068404229580741 ], [ 30.03813088628959, -2.068070603788681 ], [ 30.037600280502534, -2.067703620503572 ], [ 30.036970172345836, -2.067369994501863 ], [ 30.036039104415075, -2.067147092229188 ], [ 30.035736097806964, -2.066755721885333 ], [ 30.035208679923844, -2.066593830315916 ], [ 30.034646541950757, -2.066493277181177 ], [ 30.034117562307859, -2.066438406795239 ], [ 30.033557767445267, -2.066563270593663 ], [ 30.033078663824927, -2.066565677488441 ], [ 30.032500463552953, -2.066408472016345 ], [ 30.032439805545078, -2.066283030852199 ], [ 30.03178021251977, -2.066052223710621 ], [ 30.031017461814038, -2.065718597053502 ], [ 30.030647343624935, -2.065549346783302 ], [ 30.030287883074003, -2.065384971195351 ], [ 30.029782870986285, -2.065046766984909 ], [ 30.029281875823848, -2.064711250553634 ], [ 30.028662909359866, -2.064651005762548 ], [ 30.028136677652107, -2.064741122660247 ], [ 30.027718294075719, -2.064812773189419 ], [ 30.027012153017459, -2.065015754406319 ], [ 30.026651895805266, -2.065352334576982 ], [ 30.026306028277812, -2.065675447195426 ], [ 30.026457360541126, -2.066639595303151 ], [ 30.026709569257985, -2.067502252663699 ], [ 30.027004841466038, -2.06852125573204 ], [ 30.026938528720919, -2.068954997560412 ], [ 30.02654058232039, -2.069288639792529 ], [ 30.026260731924115, -2.069062082969336 ], [ 30.025936084490649, -2.068799230429504 ], [ 30.025650374592228, -2.068567923429863 ], [ 30.024893810767139, -2.068466449246569 ], [ 30.024439863738806, -2.068466449107703 ], [ 30.023852163490737, -2.068998120679319 ], [ 30.023491999442939, -2.069601645244759 ], [ 30.023020723432943, -2.070178484710249 ], [ 30.022705043946576, -2.070564872186379 ], [ 30.022468195233326, -2.070854768347445 ], [ 30.021887995953882, -2.071615341300852 ], [ 30.021487424633044, -2.071953233208395 ], [ 30.020878161812789, -2.07249657586812 ], [ 30.020336789490962, -2.072979376382529 ], [ 30.01972688624674, -2.073485831599482 ], [ 30.019032385949291, -2.073925105210189 ], [ 30.018812443716207, -2.074243670712734 ], [ 30.018504734442914, -2.074689333865846 ], [ 30.01820132263634, -2.074310414403756 ], [ 30.018081725299062, -2.074216048393895 ], [ 30.017781328527612, -2.073562513078643 ], [ 30.017189299874158, -2.073579730396387 ], [ 30.016804415636329, -2.073690923771167 ], [ 30.016509268829981, -2.073831958374806 ], [ 30.016108228217039, -2.073892157162532 ], [ 30.015901317369497, -2.073781275751569 ], [ 30.015666906001918, -2.073624805885678 ], [ 30.015444416647526, -2.073423464393036 ], [ 30.015335835642567, -2.072756571622077 ], [ 30.015418603945186, -2.072493280571151 ], [ 30.015501120668073, -2.072246880988815 ], [ 30.015800127403928, -2.071457920775903 ], [ 30.015855050065493, -2.071171571979816 ], [ 30.015824876648345, -2.070923093276661 ], [ 30.015403914207806, -2.070419451037982 ], [ 30.014994999797377, -2.070248481741369 ], [ 30.014585005559805, -2.070150740079016 ], [ 30.014062416452909, -2.070428435700733 ], [ 30.01388492728368, -2.070616729789521 ], [ 30.013594843321989, -2.070797308082743 ], [ 30.013090645404091, -2.070973918493273 ], [ 30.012773714967086, -2.0710638313692 ], [ 30.012491741048013, -2.07107551909829 ], [ 30.012199250368489, -2.071036302713758 ], [ 30.012082091094015, -2.071338401019508 ], [ 30.012009104959503, -2.07170330656441 ], [ 30.011941603608932, -2.072079569216796 ], [ 30.011858664926777, -2.072354139462663 ], [ 30.011540752116705, -2.07289480909606 ], [ 30.011078663392098, -2.073275056834683 ], [ 30.010648122956557, -2.073424857200194 ], [ 30.010072328503242, -2.073487444270728 ], [ 30.009811885695132, -2.073183988228723 ], [ 30.009692726215242, -2.072854971577322 ], [ 30.009674647486641, -2.072550372585497 ], [ 30.009982279601253, -2.071941895110426 ], [ 30.010305083579482, -2.071452016840011 ], [ 30.009881886092202, -2.071100471449206 ], [ 30.009195214564667, -2.070653886291048 ], [ 30.008800799633899, -2.070646589646869 ], [ 30.007993156404655, -2.070761235454085 ], [ 30.007499879782085, -2.070577440466406 ], [ 30.006796333008879, -2.070896865769001 ], [ 30.006675954361096, -2.071418646888272 ], [ 30.00646137284124, -2.071831640468925 ], [ 30.006186210655827, -2.072147722649824 ], [ 30.005606588150446, -2.07208629018627 ], [ 30.005275143242976, -2.072012531784109 ], [ 30.004933432601643, -2.071870982249675 ], [ 30.004571393648536, -2.071576914720407 ], [ 30.004283448419546, -2.071227868222842 ], [ 30.003996552252556, -2.070805592126403 ], [ 30.003777781475385, -2.070350773771951 ], [ 30.003797062570179, -2.069804573013426 ], [ 30.003867657790227, -2.069603028346173 ], [ 30.004164929686503, -2.068938916688748 ], [ 30.00430485527518, -2.068613788933265 ], [ 30.004893227178854, -2.068078133263973 ], [ 30.00491468054555, -2.067768612970559 ], [ 30.0043868402065, -2.067634890970246 ], [ 30.003976019451134, -2.067593472857838 ], [ 30.00364630852766, -2.06740142766649 ], [ 30.00348066438389, -2.067167340591268 ], [ 30.003283190507329, -2.066797435305362 ], [ 30.003146874841406, -2.066485009358665 ], [ 30.003019669826788, -2.066319243261199 ], [ 30.002675035892327, -2.065991694379256 ], [ 30.002411545770997, -2.065896672579604 ], [ 30.001982755358103, -2.066311322842189 ], [ 30.00163070102867, -2.066490760324124 ], [ 30.001350538281514, -2.066378504106398 ], [ 30.000868793464473, -2.066561174925989 ], [ 30.000833699299108, -2.067416989973693 ], [ 30.000837042912913, -2.067957973845125 ], [ 30.000774838621265, -2.068356889753527 ], [ 30.000597600076816, -2.069217470376969 ], [ 30.000013603484131, -2.070013508708201 ], [ 29.999561469226951, -2.070032461356649 ], [ 29.99932597788321, -2.06926485799898 ], [ 29.999033971615834, -2.069046893094686 ], [ 29.998984141683074, -2.068992569198081 ], [ 29.998694871209612, -2.068677301897873 ], [ 29.998186218108568, -2.067805440566566 ], [ 29.997544469184778, -2.067313906524886 ], [ 29.99673463953188, -2.06701762232966 ], [ 29.995924808192964, -2.066795422871912 ], [ 29.995567613078467, -2.066829341427069 ], [ 29.995303873303371, -2.067047306327068 ], [ 29.995642974066421, -2.067530607282587 ], [ 29.996035233540542, -2.068165676496156 ], [ 29.995814369394306, -2.068573044772173 ], [ 29.995669553231238, -2.068624477630725 ], [ 29.995300858473222, -2.06875538910491 ], [ 29.995188605425195, -2.068795245080295 ], [ 29.995021038742557, -2.068785932362868 ], [ 29.994540106777162, -2.068759169961822 ], [ 29.994145270062962, -2.068449853632036 ], [ 29.993815590297828, -2.067900200277042 ], [ 29.994126252810005, -2.067005232886283 ], [ 29.994253052892347, -2.06653752424385 ], [ 29.994285895801365, -2.065710818087147 ], [ 29.994126440273607, -2.065407829191226 ], [ 29.993899731064662, -2.065515568905718 ], [ 29.993932373533493, -2.065670257697638 ], [ 29.99380099612355, -2.065820542095655 ], [ 29.993626085114311, -2.066020603513726 ], [ 29.993342828857486, -2.066303562554866 ], [ 29.993144215539676, -2.066395662560645 ], [ 29.99287310012059, -2.066435722080578 ], [ 29.992333947322688, -2.066150699918945 ], [ 29.99210561421194, -2.065734096427455 ], [ 29.99213319227826, -2.065390892874082 ], [ 29.992263351191507, -2.064970711340036 ], [ 29.992420230141366, -2.064449180177177 ], [ 29.992519919753438, -2.064000656683347 ], [ 29.992615937625917, -2.063602379779751 ], [ 29.992588076389108, -2.063196167568972 ], [ 29.992371712734794, -2.062961141167758 ], [ 29.992107643687415, -2.062905537113763 ], [ 29.991863201168083, -2.063047524285242 ], [ 29.991458786303657, -2.063338670341296 ], [ 29.990954587384969, -2.063515280030585 ], [ 29.990693534565924, -2.063429117168798 ], [ 29.990452498000259, -2.063435943411163 ], [ 29.990061239803019, -2.062940924777346 ], [ 29.990028566418268, -2.062478279448656 ], [ 29.990189944931704, -2.061716549702636 ], [ 29.990521171049387, -2.061672115278304 ], [ 29.990866568856976, -2.061445745692545 ], [ 29.991079760850386, -2.061128508097417 ], [ 29.991011463430755, -2.060789164186094 ], [ 29.990774895304121, -2.060779164151262 ], [ 29.990466778150306, -2.060752495576763 ], [ 29.990195116530764, -2.060728981883673 ], [ 29.990096894359503, -2.060911638197234 ], [ 29.989841077202456, -2.061043609130444 ], [ 29.989591165430777, -2.061174208917306 ], [ 29.989303237172994, -2.061208330018497 ], [ 29.989010652636072, -2.061174738619189 ], [ 29.988880149750486, -2.061079778791536 ], [ 29.988692786512757, -2.060943463560466 ], [ 29.988560533234011, -2.060738169158345 ], [ 29.988442358535167, -2.060341564162985 ], [ 29.988459827004149, -2.059919288294122 ], [ 29.988446873722346, -2.059648578721859 ], [ 29.988402528284741, -2.059213897891329 ], [ 29.988347902610347, -2.058711396030307 ], [ 29.988297588724112, -2.058299136418736 ], [ 29.988223570855116, -2.057965322132799 ], [ 29.988008863512096, -2.057617634358393 ], [ 29.987764169821055, -2.057393359183939 ], [ 29.987456913141393, -2.057207374197045 ], [ 29.987222251538739, -2.057067794260692 ], [ 29.98670561566367, -2.056939899231701 ], [ 29.986484375747594, -2.057037233173037 ], [ 29.986323560763068, -2.057242731469217 ], [ 29.986240871213784, -2.05750039538171 ], [ 29.986198541014385, -2.057696832116084 ], [ 29.986143868063923, -2.057966275798485 ], [ 29.986073366471818, -2.058162181370716 ], [ 29.985930269834391, -2.058311667302791 ], [ 29.985726437854147, -2.058375522235748 ], [ 29.985524090091758, -2.058337962286215 ], [ 29.985334163382493, -2.058221754325666 ], [ 29.985135284311397, -2.057947606090649 ], [ 29.984979998631669, -2.057775700684016 ], [ 29.984792635778049, -2.057484866349803 ], [ 29.984639085445075, -2.057194659103244 ], [ 29.984532426274413, -2.056781350569099 ], [ 29.984319515465625, -2.056493829825835 ], [ 29.984189777263119, -2.056318610694442 ], [ 29.983989241577902, -2.05615712669448 ], [ 29.983694079223557, -2.055915007429868 ], [ 29.983358571910525, -2.055734117926537 ], [ 29.983113628165942, -2.055526744361682 ], [ 29.982914593263949, -2.0552638625542 ], [ 29.982800058876059, -2.055002557187638 ], [ 29.982823153672154, -2.054580376390522 ], [ 29.982905764444272, -2.054328351883378 ], [ 29.98299879735346, -2.054132869062624 ], [ 29.983536230811943, -2.053996303946092 ], [ 29.983885895079688, -2.053980241816947 ], [ 29.984058992358104, -2.054090497609955 ], [ 29.984236246442912, -2.05430225964898 ], [ 29.984352983696208, -2.054544942348688 ], [ 29.984444079914319, -2.054734345553066 ], [ 29.984569957026583, -2.054990229651607 ], [ 29.984852354680424, -2.05533354372661 ], [ 29.985014029632474, -2.055454859803399 ], [ 29.985266348129127, -2.055544055229361 ], [ 29.985491728594628, -2.05554821143545 ], [ 29.985717936623239, -2.055496060289197 ], [ 29.986001052181305, -2.055405504028878 ], [ 29.986183915098703, -2.055234222132074 ], [ 29.986339684262816, -2.054989182228539 ], [ 29.986528938364572, -2.054767295563048 ], [ 29.986753224524264, -2.054461541491473 ], [ 29.986994324153237, -2.054161738793563 ], [ 29.987190437048511, -2.05385545441929 ], [ 29.987456318032386, -2.053403980399821 ], [ 29.987125685934547, -2.052890743173957 ], [ 29.986867742842534, -2.052801439462213 ], [ 29.986614768055649, -2.052757319271547 ], [ 29.98634446524343, -2.052741037808949 ], [ 29.985968535157372, -2.052627033356786 ], [ 29.985654152494114, -2.052542321737699 ], [ 29.985477148481944, -2.052313670187914 ], [ 29.985386818079519, -2.051940109622859 ], [ 29.985544149527065, -2.05158803287153 ], [ 29.985717887837325, -2.051270076560536 ], [ 29.986023878845021, -2.050774260740186 ], [ 29.986303431206974, -2.050542781394342 ], [ 29.986569750324389, -2.050446274511125 ], [ 29.986796193271228, -2.050377218162298 ], [ 29.987350095400714, -2.04988599690314 ], [ 29.987288171578012, -2.049496060717409 ], [ 29.987192372527208, -2.049111127663435 ], [ 29.98703141574099, -2.048838916368107 ], [ 29.986484043465392, -2.048219019237851 ], [ 29.986037003140279, -2.047957184837013 ], [ 29.985492772096261, -2.047789340600778 ], [ 29.985129654607491, -2.047568500826712 ], [ 29.984738880573463, -2.047313352268156 ], [ 29.984546703699241, -2.046966070307163 ], [ 29.984638080842682, -2.046500094900815 ], [ 29.984711066656253, -2.046135191408976 ], [ 29.984710956960257, -2.045757662923417 ], [ 29.984671096223309, -2.045401943921497 ], [ 29.984555312822692, -2.044841978045473 ], [ 29.983900500362807, -2.04375927818538 ], [ 29.98389192106271, -2.042806863243964 ], [ 29.986057594866292, -2.04193976635694 ], [ 29.986496260357992, -2.042004229254012 ], [ 29.98716919816318, -2.042619596141493 ], [ 29.987386734513315, -2.04315890776832 ], [ 29.98746090715623, -2.043481456342561 ], [ 29.987597973356085, -2.043743184868143 ], [ 29.987858572682136, -2.044035376145914 ], [ 29.988174096188242, -2.043658066177369 ], [ 29.988068420957365, -2.043177156633592 ], [ 29.988028060360655, -2.042855231504365 ], [ 29.988044451211952, -2.042506201385458 ], [ 29.988158672936581, -2.041634933552798 ], [ 29.988108264274448, -2.041228313085368 ], [ 29.988020762410038, -2.041046378117907 ], [ 29.9875784402373, -2.040846612846522 ], [ 29.987043803809676, -2.040408496520344 ], [ 29.986845751437542, -2.040078011271813 ], [ 29.986642810062154, -2.039696732135369 ], [ 29.986482446711328, -2.039102129228569 ], [ 29.98634511447591, -2.038474155065876 ], [ 29.986527056652282, -2.037981665454984 ], [ 29.986789062058428, -2.037794933409393 ], [ 29.987549719868657, -2.037809009102937 ], [ 29.987886461559455, -2.037905406893344 ], [ 29.988416785679732, -2.038253298760741 ], [ 29.988660322643366, -2.038556441765812 ], [ 29.988759106523318, -2.038738582092621 ], [ 29.989033784432515, -2.038839448084716 ], [ 29.989474028495671, -2.038796890411247 ], [ 29.989909943657008, -2.038664088535341 ], [ 29.990239139441332, -2.038506775340924 ], [ 29.990313781096191, -2.038029208034524 ], [ 29.990236342054988, -2.037725890835921 ], [ 29.990143214597925, -2.037361174149928 ], [ 29.989938537935142, -2.037098180980256 ], [ 29.989730377861569, -2.036688639981417 ], [ 29.989464059195107, -2.03640197784227 ], [ 29.989052627031377, -2.036016841040758 ], [ 29.988934203061834, -2.035637123828227 ], [ 29.989363305941669, -2.034816776610399 ], [ 29.989836847368121, -2.034808636027031 ], [ 29.990276185086433, -2.035211193383615 ], [ 29.990432814104313, -2.035676136002017 ], [ 29.990942356907428, -2.036288471363662 ], [ 29.991178846797979, -2.036304125971955 ], [ 29.991564948005191, -2.035725255718247 ], [ 29.991502197242941, -2.035391660427778 ], [ 29.991359818569055, -2.03472414233448 ], [ 29.991389725349656, -2.034402280942134 ], [ 29.991773406085358, -2.033807707574891 ], [ 29.992137070030573, -2.033605961311928 ], [ 29.99263869115304, -2.033220821490054 ], [ 29.992871445075, -2.033106800529065 ], [ 29.993177280447874, -2.033005405042758 ], [ 29.993593961241071, -2.032646858053793 ], [ 29.993956547466777, -2.032518337328655 ], [ 29.99423711564156, -2.032602424032149 ], [ 29.994449417040318, -2.032730302943609 ], [ 29.994661720270422, -2.032858198106953 ], [ 29.995012962101036, -2.033118253501887 ], [ 29.995628348811135, -2.033274552134648 ], [ 29.995946935608362, -2.033288408217121 ], [ 29.995979685394275, -2.032761128396082 ], [ 29.996045202977982, -2.032036129878463 ], [ 29.996569292523901, -2.031146350017413 ], [ 29.996893736528119, -2.030714528064954 ], [ 29.997181462003407, -2.030342343507096 ], [ 29.997715802382302, -2.029949470909551 ], [ 29.998394019935503, -2.029722021918591 ], [ 29.998887265226166, -2.029618640250768 ], [ 29.999681017411714, -2.029762252559599 ], [ 30.000408096041152, -2.029411862847154 ], [ 30.001318771465929, -2.028674739513483 ], [ 30.001846721396614, -2.028315975008138 ], [ 30.002825493252235, -2.028246324717951 ], [ 30.003447850569302, -2.028509956688471 ], [ 30.00355252434273, -2.02897765041824 ], [ 30.003251283690307, -2.029332195785524 ], [ 30.003108139992126, -2.029500665887749 ], [ 30.002699740876285, -2.029981324942556 ], [ 30.002223308764123, -2.030517793887054 ], [ 30.002055117460809, -2.031076134600852 ], [ 30.002104899939802, -2.031409995424705 ], [ 30.002334186500477, -2.031904311490847 ], [ 30.002852228963839, -2.03161239899465 ], [ 30.003013295505944, -2.030926507458555 ], [ 30.003259815243741, -2.030416567145116 ], [ 30.003752935797156, -2.030061459681643 ], [ 30.004168460285157, -2.029762235429944 ], [ 30.00427455610243, -2.029390050059368 ], [ 30.004415700384691, -2.028894938270471 ], [ 30.004725285321125, -2.028378140922215 ], [ 30.005347642270539, -2.028147456659956 ], [ 30.005838966063063, -2.028938369874618 ], [ 30.006166520967398, -2.029399736892415 ], [ 30.006723361416679, -2.029795184880586 ], [ 30.007312952966139, -2.029927001156761 ], [ 30.007804275989081, -2.030058817696207 ], [ 30.008191409864672, -2.030010132924351 ], [ 30.008328350093699, -2.0299929169477 ], [ 30.008505510076244, -2.02963929112041 ], [ 30.00769436714679, -2.029400564209599 ], [ 30.00807331215384, -2.029162178662728 ], [ 30.007924481984624, -2.028934026834782 ], [ 30.007154526854453, -2.028784556756979 ], [ 30.006909098825496, -2.028610962500253 ], [ 30.007441375942001, -2.028039575666746 ], [ 30.00770397560532, -2.027757677718224 ], [ 30.00824909716923, -2.027483921053433 ], [ 30.008365240357275, -2.027079051297203 ], [ 30.008137328730175, -2.026717926056069 ], [ 30.008175422649199, -2.026425625274277 ], [ 30.00790352695131, -2.025750075911453 ], [ 30.007725943970581, -2.025560842616893 ], [ 30.007531877514623, -2.025343128293764 ], [ 30.007342372778059, -2.025198765609495 ], [ 30.006897644183177, -2.024779193879768 ], [ 30.006498666262846, -2.024698561233514 ], [ 30.006024374712897, -2.024757399265049 ], [ 30.005760385130792, -2.024696170870045 ], [ 30.005463658700389, -2.024561088889469 ], [ 30.005220856780575, -2.024207244987109 ], [ 30.005214621378318, -2.023863417066869 ], [ 30.005218997470472, -2.02356486580752 ], [ 30.005205325355291, -2.023344852399445 ], [ 30.005197512623038, -2.0231080623547 ], [ 30.005056118051613, -2.022372939640378 ], [ 30.00483405055385, -2.02214344462599 ], [ 30.005298700898159, -2.02152064166025 ], [ 30.005628224263784, -2.021078961201529 ], [ 30.005904449341205, -2.020485452887091 ], [ 30.006213767816075, -2.019940578406719 ], [ 30.006363004618233, -2.019595671765256 ], [ 30.006598994959745, -2.019351161269301 ], [ 30.00685432839661, -2.019167256855558 ], [ 30.007291791160348, -2.019028143504482 ], [ 30.007748035889843, -2.019096154110827 ], [ 30.008102887148127, -2.019555174525546 ], [ 30.00842394255427, -2.020082189674485 ], [ 30.008686056627432, -2.020382271678294 ], [ 30.008913968736831, -2.020643218335362 ], [ 30.009235022279125, -2.020915224931281 ], [ 30.009625094127909, -2.020966018296635 ], [ 30.009809551190912, -2.020558209445249 ], [ 30.009736765961289, -2.020254752902037 ], [ 30.009408806778193, -2.020160323173508 ], [ 30.009333617843559, -2.020018149712349 ], [ 30.008950640768884, -2.0197933873507 ], [ 30.008440831775861, -2.019300149936177 ], [ 30.008210450488377, -2.019039268339754 ], [ 30.008322548724532, -2.01846711536363 ], [ 30.008778777210487, -2.018042091728968 ], [ 30.009606763635013, -2.017634078478351 ], [ 30.010031539000636, -2.017535978494497 ], [ 30.010752149546882, -2.017931426852043 ], [ 30.011144439269344, -2.018365092849279 ], [ 30.012226118701424, -2.017964376298345 ], [ 30.012918681325285, -2.017991063002635 ], [ 30.013408722706309, -2.018212073700175 ], [ 30.013814263934687, -2.018229071207483 ], [ 30.0139156416449, -2.017736053578583 ], [ 30.013569054931271, -2.017041631708898 ], [ 30.013667306554698, -2.016283667639433 ], [ 30.014063392976475, -2.015778072021125 ], [ 30.014125864005546, -2.015229103699885 ], [ 30.014584419325825, -2.014405223777338 ], [ 30.015013944712674, -2.013638855167327 ], [ 30.015141244419052, -2.012889297564264 ], [ 30.014929458228806, -2.012567795152722 ], [ 30.014324537337171, -2.012158471549673 ], [ 30.013700024800379, -2.011735900422181 ], [ 30.012684626725495, -2.011966583800123 ], [ 30.012300665132813, -2.012129038407279 ], [ 30.012046316301802, -2.012236654336689 ], [ 30.011796717505192, -2.012342253271118 ], [ 30.011591695965951, -2.012428980526937 ], [ 30.011349035231991, -2.012531658878072 ], [ 30.011009292893107, -2.012675394399449 ], [ 30.010620580896031, -2.012839851091028 ], [ 30.010350215403676, -2.012703846365522 ], [ 30.009936862704851, -2.012382891760442 ], [ 30.009907112789268, -2.012106243692741 ], [ 30.010147445195827, -2.011411789297838 ], [ 30.009821078884794, -2.011312751457782 ], [ 30.009591261469797, -2.011243024358195 ], [ 30.00908288976397, -2.011088772648802 ], [ 30.008964606276574, -2.01078276935923 ], [ 30.008597739302679, -2.01046545364612 ], [ 30.008602816992983, -2.010368947130248 ], [ 30.008515376377257, -2.010159073879554 ], [ 30.008171744517831, -2.009763921990363 ], [ 30.00775559484347, -2.009316728392715 ], [ 30.007679514553221, -2.009123729339722 ], [ 30.007603448664256, -2.008930746562638 ], [ 30.007467103858932, -2.008235169119612 ], [ 30.007471727542281, -2.007919711840663 ], [ 30.007432774005196, -2.007502029438102 ], [ 30.007394460340272, -2.007039274729207 ], [ 30.007612791577511, -2.006617578096936 ], [ 30.007426913159854, -2.006379568737249 ], [ 30.007190362332981, -2.006481575342767 ], [ 30.006951481763487, -2.006884585191135 ], [ 30.006756196974667, -2.007134516867055 ], [ 30.006515331739266, -2.007417428522358 ], [ 30.00624787317707, -2.007592787718067 ], [ 30.00554943587257, -2.007562963340787 ], [ 30.005207131251979, -2.00746083230881 ], [ 30.004787433705381, -2.007255849328212 ], [ 30.004294985709578, -2.007015715934888 ], [ 30.003982510062105, -2.006801453718101 ], [ 30.003693565330192, -2.006520009835852 ], [ 30.003536280979471, -2.00610014154162 ], [ 30.003572296347809, -2.005565517258048 ], [ 30.003723174902142, -2.005269669004241 ], [ 30.003993196745022, -2.004919683759902 ], [ 30.00422660736249, -2.00476060328802 ], [ 30.004435299441575, -2.004593478682294 ], [ 30.004394548695153, -2.004453802954419 ], [ 30.003648485789711, -2.004597759583042 ], [ 30.003343150729723, -2.004665362360406 ], [ 30.00298908053157, -2.004596823013845 ], [ 30.002818795213255, -2.0042950367873 ], [ 30.002674760443924, -2.004123333754164 ], [ 30.002348502417046, -2.003614911016836 ], [ 30.001878992255861, -2.003075037078778 ], [ 30.001766255553747, -2.002900162024047 ], [ 30.001766256173497, -2.002639419375258 ], [ 30.002104857257013, -2.00239325332538 ], [ 30.002661680920802, -2.002030754844465 ], [ 30.002596180039703, -2.001602339241285 ], [ 30.001973838204137, -2.001865972479577 ], [ 30.001502921474394, -2.001947668227642 ], [ 30.001023958195695, -2.002030755791454 ], [ 30.000532634121999, -2.00155290676079 ], [ 29.999615519210064, -2.001157441971144 ], [ 29.999369295176336, -2.000924291261144 ], [ 29.99905869388073, -2.000630177006915 ], [ 29.999124196039972, -2.000234713112124 ], [ 29.999582768141707, -1.999707431365423 ], [ 30.000071919490928, -1.99928635982055 ], [ 30.000237844642484, -1.99858696848478 ], [ 29.999910306558576, -1.998125602795123 ], [ 29.998862158191649, -1.998273903075351 ], [ 29.99814156398682, -1.99833980417748 ], [ 29.997289950631526, -1.997911389067107 ], [ 29.996733125913497, -1.997548890362044 ], [ 29.996045282879262, -1.997417073556599 ], [ 29.995550959447701, -1.997490754118325 ], [ 29.995160919350539, -1.997548890983986 ], [ 29.994922820056644, -1.99738617176683 ], [ 29.994855224957018, -1.996978144814894 ], [ 29.995031010173818, -1.99619916613639 ], [ 29.995661617392276, -1.99570852339483 ], [ 29.996144503572634, -1.995383583245334 ], [ 29.996333288446618, -1.995066845670463 ], [ 29.996503854240672, -1.99478068473816 ], [ 29.996538729849757, -1.994307069231016 ], [ 29.9965693703864, -1.993890902498458 ], [ 29.99652199480747, -1.993576323303222 ], [ 29.996481258763612, -1.993305846858641 ], [ 29.996453150038125, -1.993119191149143 ], [ 29.996405601009286, -1.992803390941236 ], [ 29.995979794056748, -1.992803391760182 ], [ 29.994997163798335, -1.993561356150303 ], [ 29.994685593235367, -1.993723888258534 ], [ 29.994112784896085, -1.994022720745329 ], [ 29.993261172701839, -1.993890889507834 ], [ 29.992704363820494, -1.993297707911232 ], [ 29.992618455084234, -1.992920366910433 ], [ 29.992747722229684, -1.992367603572391 ], [ 29.993363939369395, -1.992072505297698 ], [ 29.993751401327387, -1.991917814396228 ], [ 29.994092939664259, -1.991781451895583 ], [ 29.994486136760411, -1.991624465348632 ], [ 29.994808643781273, -1.991373894246855 ], [ 29.994977944174249, -1.991242343578558 ], [ 29.995259200204387, -1.991023831357405 ], [ 29.995447250619417, -1.990594947620518 ], [ 29.995601067154652, -1.990244181929795 ], [ 29.995750523722879, -1.989903368768202 ], [ 29.995186525808489, -1.990146066141462 ], [ 29.994702203778548, -1.990120193790043 ], [ 29.994168487824716, -1.990003266625486 ], [ 29.993933576319488, -1.989880590837683 ], [ 29.993550239483493, -1.989501608976792 ], [ 29.993291702421764, -1.989068584904991 ], [ 29.99326815319003, -1.988752612844999 ], [ 29.993378249984183, -1.988163009332474 ], [ 29.993895199661253, -1.987885220683187 ], [ 29.994279910538381, -1.987785277741894 ], [ 29.994575887083919, -1.987587902651604 ], [ 29.994402163003091, -1.98675076035578 ], [ 29.994356662469091, -1.986394948152719 ], [ 29.994418210598603, -1.986041103490629 ], [ 29.99453643252733, -1.985665762974275 ], [ 29.994703889080672, -1.985392770962352 ], [ 29.994812390792507, -1.984683303406287 ], [ 29.995615674439755, -1.984318037672704 ], [ 29.995761365141441, -1.984552564401517 ], [ 29.995484562354793, -1.985571286203945 ], [ 29.995554001049857, -1.985915833532368 ], [ 29.995768647030239, -1.98613562606256 ], [ 29.995987166995853, -1.986194261135714 ], [ 29.996183859296909, -1.98606966380397 ], [ 29.996204203228483, -1.985681823451239 ], [ 29.996225687955167, -1.985272593784138 ], [ 29.996247141207281, -1.984863755741053 ], [ 29.996272594904703, -1.984378923183785 ], [ 29.996300407506709, -1.983848986659528 ], [ 29.996765917762627, -1.983230009850369 ], [ 29.997322727536673, -1.98319705905844 ], [ 29.997726220859288, -1.983473846397482 ], [ 29.998043320832149, -1.983691374939669 ], [ 29.998665648698573, -1.984152739538669 ], [ 29.999017937107599, -1.9842802897119 ], [ 29.999307568519587, -1.984385155298104 ], [ 29.999786297554564, -1.984310428041939 ], [ 30.000140306639871, -1.984255151742653 ], [ 30.000458578323123, -1.984205468490319 ], [ 30.000945667332267, -1.984009437998292 ], [ 30.001252392898714, -1.983885995875334 ], [ 30.001506882629336, -1.983576039166978 ], [ 30.001749810113637, -1.983280159275429 ], [ 30.002006502957503, -1.982967531647278 ], [ 30.002098082952479, -1.982649200741029 ], [ 30.001610977962592, -1.982500432082964 ], [ 30.001075967101109, -1.982856791777132 ], [ 30.000837742715376, -1.982959437838246 ], [ 30.000533407530444, -1.982959437965024 ], [ 30.000327152944351, -1.982803483869309 ], [ 30.000036787299194, -1.982234644235848 ], [ 30.000041318842523, -1.981812947575285 ], [ 30.000061693278489, -1.981230437154608 ], [ 30.00043873239235, -1.980711295088647 ], [ 30.000187164342485, -1.980051182073087 ], [ 30.000379199963696, -1.979752911917282 ], [ 29.999910298586986, -1.979275423438847 ], [ 29.99969484032038, -1.978958593087599 ], [ 29.999484506976, -1.978649292247346 ], [ 29.999380302284614, -1.978256108290644 ], [ 29.999308659789843, -1.977985850730539 ], [ 29.999231110413394, -1.977693204430522 ], [ 29.999171562240758, -1.977468584465815 ], [ 29.999025950067722, -1.976919149639853 ], [ 29.998882009065088, -1.976441238635018 ], [ 29.998698410783348, -1.975831652453696 ], [ 29.998410419850725, -1.975520336289482 ], [ 29.998424623504967, -1.975023459083102 ], [ 29.998436373876082, -1.974612323649814 ], [ 29.998787428148031, -1.974278618389304 ], [ 29.999386644793404, -1.974427027971227 ], [ 29.999756809235876, -1.974518691274304 ], [ 30.000234038691257, -1.974428666930321 ], [ 29.999748527428398, -1.973963553050653 ], [ 29.999291297821582, -1.973498422758116 ], [ 29.999041370733345, -1.973245866963816 ], [ 29.998813834372225, -1.973005013814888 ], [ 29.998602938236079, -1.972781346086611 ], [ 29.998275134060712, -1.972459749884497 ], [ 29.998131021611002, -1.972293671154687 ], [ 29.9980072217772, -1.971896956089862 ], [ 29.998092629991032, -1.971453401654412 ], [ 29.998207866278296, -1.971280854587349 ], [ 29.998338354114864, -1.970838144035126 ], [ 29.998511935714848, -1.970531452717967 ], [ 29.998824067883284, -1.970385090479597 ], [ 29.999234967480845, -1.970420868921271 ], [ 29.999525973659594, -1.97056148103157 ], [ 29.999782932788218, -1.970718373171707 ], [ 30.000273741415604, -1.971071169846316 ], [ 30.000501526723589, -1.971295133116115 ], [ 30.000703219583915, -1.971377751761591 ], [ 30.001155542233949, -1.971279072484777 ], [ 30.001569676257603, -1.971095151499276 ], [ 30.001972278692797, -1.970927931982198 ], [ 30.002601183815493, -1.970702920437588 ], [ 30.002805265799132, -1.970622177212601 ], [ 30.003009426859077, -1.970535794721623 ], [ 30.00318674288614, -1.970358779213378 ], [ 30.003359402267325, -1.970114051202444 ], [ 30.003447639208208, -1.969862120317372 ], [ 30.003433700953959, -1.969275859996877 ], [ 30.003292323353698, -1.968923891164759 ], [ 30.00308333353108, -1.968570672497304 ], [ 30.00286878119601, -1.968211720507965 ], [ 30.002697746410785, -1.967960633031998 ], [ 30.002464898421799, -1.967697141109616 ], [ 30.002414990188186, -1.967385684146445 ], [ 30.002114593010941, -1.967109100367375 ], [ 30.001813148727294, -1.966878354925175 ], [ 30.001324840014849, -1.966504591744217 ], [ 30.001250041749937, -1.966485531439206 ], [ 30.000296098836262, -1.966242272123141 ], [ 29.999813369382707, -1.966112048634183 ], [ 29.999471454882695, -1.965733926373392 ], [ 29.998952772179379, -1.965338368870415 ], [ 29.998785705136722, -1.965245798376771 ], [ 29.998338726658986, -1.964998101902246 ], [ 29.998196098101964, -1.964809478863311 ], [ 29.998151190636158, -1.964459399974527 ], [ 29.998392009712404, -1.964199172990816 ], [ 29.998802455804313, -1.963983738951635 ], [ 29.99929304419954, -1.96342724155276 ], [ 29.999837149103261, -1.962969470075601 ], [ 30.000488461028088, -1.963068210547129 ], [ 30.000614355352848, -1.963600304337852 ], [ 30.000900986434068, -1.964039483059865 ], [ 30.000952205847863, -1.964389779844876 ], [ 30.000963910118369, -1.964744967911753 ], [ 30.001021677337153, -1.965033410308477 ], [ 30.001206228955176, -1.965515773767591 ], [ 30.001399388671079, -1.965795436555839 ], [ 30.001766725316426, -1.966112141767137 ], [ 30.002033965127502, -1.966336841019221 ], [ 30.002280315497259, -1.966448455160565 ], [ 30.002469896647195, -1.966587209158573 ], [ 30.002917282458565, -1.966826500372763 ], [ 30.003206038754936, -1.966736054917536 ], [ 30.002891875216182, -1.96586814782306 ], [ 30.002753136982051, -1.965335913147453 ], [ 30.002748324289112, -1.964896327307887 ], [ 30.00291260929891, -1.964454226809191 ], [ 30.003087832440428, -1.964034874074917 ], [ 30.003263804204586, -1.9635648215111 ], [ 30.003299742365769, -1.963035837104846 ], [ 30.003395650156534, -1.962214675662523 ], [ 30.003134300073469, -1.961707300029386 ], [ 30.002924482977203, -1.96118506506476 ], [ 30.002832011648589, -1.960954913632607 ], [ 30.002758182388323, -1.96077119568595 ], [ 30.002567100147953, -1.960295596757937 ], [ 30.00279490212553, -1.959885430443771 ], [ 30.003134299143881, -1.959274359470749 ], [ 30.003304053561639, -1.958875832548694 ], [ 30.00349254144097, -1.958433341191726 ], [ 30.003223863575723, -1.957772540207932 ], [ 30.002925325397861, -1.957111740132357 ], [ 30.002945903959532, -1.956796033012699 ], [ 30.002975155114012, -1.956347370919211 ], [ 30.002828307238772, -1.955099466236399 ], [ 30.002571910135408, -1.954872439914756 ], [ 30.002397547827602, -1.955109777633306 ], [ 30.002161652041234, -1.955883724306354 ], [ 30.001833457513484, -1.956265549746462 ], [ 30.001425556882477, -1.956638626452032 ], [ 30.001043721312861, -1.956987907882713 ], [ 30.000814825265614, -1.957312785305102 ], [ 30.000469365407216, -1.957803132639963 ], [ 29.999997573797547, -1.95795791564078 ], [ 29.999505265129478, -1.957679299953509 ], [ 29.999156553963022, -1.957039497785896 ], [ 29.998664730305826, -1.956655812873026 ], [ 29.998571838074845, -1.956586475901113 ], [ 29.998329238800054, -1.95648715718968 ], [ 29.99814340690471, -1.956206681826739 ], [ 29.998110702723746, -1.955735771195497 ], [ 29.998307019462409, -1.95528434264802 ], [ 29.998709339954154, -1.954879549464498 ], [ 29.99904640998356, -1.954529455434261 ], [ 29.999462247294343, -1.953968536928451 ], [ 29.999526155458884, -1.953828253233476 ], [ 29.999681032978181, -1.953488251759486 ], [ 29.999484513057812, -1.952960970388625 ], [ 29.998966235459179, -1.952139589922109 ], [ 29.99865435330214, -1.951893643683289 ], [ 29.998573304547989, -1.951940531176724 ], [ 29.998338236568451, -1.951485368613834 ], [ 29.998589805083224, -1.950981084945446 ], [ 29.99847909829607, -1.949933974833468 ], [ 29.998169091814411, -1.949644344497687 ], [ 29.997776957764707, -1.94964034545198 ], [ 29.997495404885512, -1.94944884688499 ], [ 29.997263352385069, -1.949079848345312 ], [ 29.997202414194593, -1.948709209395337 ], [ 29.997090144925416, -1.948339070513697 ], [ 29.997063566242286, -1.947979523782632 ], [ 29.997095176659514, -1.947538985513745 ], [ 29.997006611421185, -1.947004298367391 ], [ 29.996774777962916, -1.946548824434693 ], [ 29.996191171347817, -1.946388744703428 ], [ 29.995828445203284, -1.946072381895385 ], [ 29.995567922918926, -1.945709367778514 ], [ 29.995456623433711, -1.94526653184403 ], [ 29.995633768333828, -1.944843241828153 ], [ 29.995836396932255, -1.944654117438562 ], [ 29.996343158133886, -1.944700472558786 ], [ 29.996668962421722, -1.944730267611351 ], [ 29.99751665396219, -1.944288586610211 ], [ 29.997781346596202, -1.943914870268862 ], [ 29.997831926037225, -1.943236273651194 ], [ 29.997879598287273, -1.942596674171323 ], [ 29.998008741140762, -1.942035552057296 ], [ 29.998075758502893, -1.941744421601128 ], [ 29.998239887254506, -1.941031313999938 ], [ 29.997961302204711, -1.940816240115344 ], [ 29.997781611215224, -1.940899888804779 ], [ 29.997471620187863, -1.941078107428449 ], [ 29.996763057047648, -1.941300900163437 ], [ 29.996054479391329, -1.941501414198819 ], [ 29.995766629318251, -1.941679632558165 ], [ 29.995300666082244, -1.941428686380809 ], [ 29.995239210958783, -1.941006660122923 ], [ 29.995412355332654, -1.940565699866712 ], [ 29.99556735841113, -1.940186953006474 ], [ 29.9956116401539, -1.939763646330693 ], [ 29.995478778797874, -1.939295797759468 ], [ 29.995105472721843, -1.939129016223604 ], [ 29.994659510208695, -1.939184401547172 ], [ 29.994238798187645, -1.939518575262569 ], [ 29.99401737039139, -1.939875043367485 ], [ 29.993663081500394, -1.94027605417987 ], [ 29.993264510878948, -1.940677081018459 ], [ 29.992710951661152, -1.94081075725052 ], [ 29.992356678154021, -1.940476567918413 ], [ 29.992354130604181, -1.940080353903879 ], [ 29.992167470506132, -1.93968807610913 ], [ 29.992164907026226, -1.939442519863883 ], [ 29.992179532502576, -1.939028432192932 ], [ 29.991958105802492, -1.938694258759325 ], [ 29.99169725629066, -1.938367600172777 ], [ 29.991442374992715, -1.937998805080812 ], [ 29.991127773877025, -1.937546891628266 ], [ 29.990436071705897, -1.937243107665569 ], [ 29.990137579748815, -1.937068904442365 ], [ 29.989901793522243, -1.93688838938994 ], [ 29.989607146522093, -1.936537123818923 ], [ 29.989388641960161, -1.936373575369619 ], [ 29.989277810802783, -1.936140488073009 ], [ 29.989378515528948, -1.935965080671027 ], [ 29.989622083320679, -1.935875963156857 ], [ 29.989887792411697, -1.935608613103676 ], [ 29.99035278769496, -1.935564053599266 ], [ 29.990839924118529, -1.935519510367018 ], [ 29.991238494621431, -1.935541789982225 ], [ 29.99181419501215, -1.936009638399159 ], [ 29.992301330917879, -1.936299268050881 ], [ 29.992633478388314, -1.936254710924014 ], [ 29.992589181505313, -1.935875978812195 ], [ 29.992288768528375, -1.934918266683511 ], [ 29.992345628250273, -1.934561517665811 ], [ 29.992434192824966, -1.933959993077644 ], [ 29.992212781633963, -1.933313893994604 ], [ 29.991614924365155, -1.933469848988699 ], [ 29.991127787798046, -1.934004535377813 ], [ 29.990596371157025, -1.934405563627913 ], [ 29.990175658497559, -1.934606060513289 ], [ 29.9893785311762, -1.934606061109023 ], [ 29.98817852017136, -1.934129245409246 ], [ 29.987918045345477, -1.933771933530152 ], [ 29.987742432148551, -1.933345284411456 ], [ 29.987447143940525, -1.932931196287392 ], [ 29.987220185035579, -1.93250503060951 ], [ 29.987000071538059, -1.932187309360975 ], [ 29.986926788508587, -1.93172541272741 ], [ 29.986788722403865, -1.931069971511985 ], [ 29.987120011647647, -1.930996868313721 ], [ 29.987430002321261, -1.930885471400787 ], [ 29.987585005904698, -1.930930030255616 ], [ 29.987917138178478, -1.930996867869837 ], [ 29.988249285779347, -1.930930029578197 ], [ 29.988514995362248, -1.930907750289036 ], [ 29.988603559621765, -1.930796369729891 ], [ 29.98862570098947, -1.930350784644711 ], [ 29.988271427021139, -1.929860655558181 ], [ 29.987876090044551, -1.929757525617215 ], [ 29.987607162081602, -1.929593304562084 ], [ 29.987341452211854, -1.929437350157697 ], [ 29.986832175196703, -1.929281380266251 ], [ 29.986411463335813, -1.929259101249462 ], [ 29.986123613073733, -1.929481893791826 ], [ 29.985769339869258, -1.929548732386758 ], [ 29.985415050367486, -1.929415056240222 ], [ 29.985135653248665, -1.929024028590256 ], [ 29.985132199810536, -1.928692823637432 ], [ 29.985437207215824, -1.928301109164703 ], [ 29.985902201570944, -1.927922360354993 ], [ 29.9861457692929, -1.927721863070248 ], [ 29.986500058220781, -1.927320835683233 ], [ 29.986787908159972, -1.926852987867727 ], [ 29.986993475350726, -1.926502315342491 ], [ 29.987222027189087, -1.926203544806371 ], [ 29.987627925815143, -1.925888509919647 ], [ 29.987924167741806, -1.925630580202067 ], [ 29.98847950728964, -1.925147029106095 ], [ 29.98847952285605, -1.924836759460367 ], [ 29.988479522514783, -1.924619748522416 ], [ 29.988198110566529, -1.924424484045296 ], [ 29.987946793097137, -1.924250078153703 ], [ 29.98752968991678, -1.923960634965668 ], [ 29.987488141360373, -1.923605385824209 ], [ 29.987464186950945, -1.923400403887703 ], [ 29.988086497739868, -1.923103820330083 ], [ 29.988250266433493, -1.922411771850564 ], [ 29.988175499889316, -1.922135953068927 ], [ 29.988053746887974, -1.921686759087892 ], [ 29.987889258882657, -1.921510900342672 ], [ 29.987651987861568, -1.921257250240137 ], [ 29.987241868783752, -1.921126511719347 ], [ 29.986612621315338, -1.921126512303337 ], [ 29.98627284815737, -1.921439891459618 ], [ 29.985826540965821, -1.921851510984378 ], [ 29.9853236398754, -1.922188637615824 ], [ 29.984804361614202, -1.922093630558074 ], [ 29.984752033384805, -1.921804124792365 ], [ 29.984712954413112, -1.921587863287435 ], [ 29.984732782278652, -1.921208787802144 ], [ 29.984753860724261, -1.920806010317581 ], [ 29.984767423031247, -1.920546533772457 ], [ 29.984778469764006, -1.920335583643235 ], [ 29.984753626312401, -1.920073153724069 ], [ 29.984795251668757, -1.919802272317215 ], [ 29.984715530637875, -1.919670658795454 ], [ 29.984820002555278, -1.919247212661205 ], [ 29.985182056708577, -1.918934973586983 ], [ 29.98544143683381, -1.918834544826987 ], [ 29.985821258095093, -1.918687495366026 ], [ 29.986208501578904, -1.918537555258415 ], [ 29.986416130534671, -1.918457173056051 ], [ 29.98662191631745, -1.918312232097016 ], [ 29.986812139231983, -1.918178259253824 ], [ 29.987071191664857, -1.917995806599157 ], [ 29.987215945566525, -1.917689193808346 ], [ 29.987327806768015, -1.917371128616649 ], [ 29.987234961654043, -1.917237843687743 ], [ 29.986827967557879, -1.917185550729849 ], [ 29.986634635384934, -1.91732692918714 ], [ 29.98599034050315, -1.917798059104018 ], [ 29.9856125196021, -1.917827306759844 ], [ 29.985334372066777, -1.91784883661975 ], [ 29.985138773747568, -1.917863975410943 ], [ 29.984902551068895, -1.917688835687544 ], [ 29.984516463082819, -1.917402594683999 ], [ 29.984450602661241, -1.917142243708352 ], [ 29.984399757926283, -1.916941199444717 ], [ 29.984334662479188, -1.91668394078412 ], [ 29.984287208316324, -1.91649633305265 ], [ 29.984159548954661, -1.916358718938764 ], [ 29.983828666461878, -1.916002001758632 ], [ 29.983663849695958, -1.915903729008793 ], [ 29.982944349415035, -1.915474720645032 ], [ 29.982763033675106, -1.915255787717061 ], [ 29.982289302812518, -1.91468379165978 ], [ 29.982112581059827, -1.914423907938819 ], [ 29.981863528424384, -1.91405764386118 ], [ 29.981640914219859, -1.914049347674361 ], [ 29.981352627071281, -1.91403859968265 ], [ 29.980979195846192, -1.914024677884776 ], [ 29.980581156067409, -1.914187039310234 ], [ 29.980139129967572, -1.914367335367981 ], [ 29.979767341735741, -1.914518994553166 ], [ 29.979423209346866, -1.914499745552192 ], [ 29.979177797175677, -1.914486029305158 ], [ 29.979072888361006, -1.914081393492116 ], [ 29.978981277341635, -1.913728064555242 ], [ 29.979081419706109, -1.913425795067238 ], [ 29.97921056259062, -1.913036017699745 ], [ 29.979824279435288, -1.913036016928916 ], [ 29.980258649007819, -1.913036031960125 ], [ 29.980704627067631, -1.912950555708266 ], [ 29.980946460267131, -1.912904215325625 ], [ 29.981437829941985, -1.912586806813996 ], [ 29.981701086857946, -1.912093162785982 ], [ 29.981782119103965, -1.911941207047589 ], [ 29.981890199612081, -1.911930958973013 ], [ 29.983041224784323, -1.911673511933641 ], [ 29.983736395828522, -1.911507604621746 ], [ 29.984334706158894, -1.911376021817599 ], [ 29.985035612870728, -1.911416050008033 ], [ 29.98577639471867, -1.911478949969952 ], [ 29.986260748800532, -1.911410299866247 ], [ 29.98682124551258, -1.911068392414807 ], [ 29.987352663301852, -1.91086787900805 ], [ 29.98781764257183, -1.91062282261794 ], [ 29.988238354857732, -1.910444587451936 ], [ 29.988703333136122, -1.910177252410161 ], [ 29.988946902077931, -1.910043576320609 ], [ 29.989367613756688, -1.909776225432942 ], [ 29.989854734831262, -1.909419772056631 ], [ 29.990386151610544, -1.909085583630125 ], [ 29.99074042557023, -1.908729131053108 ], [ 29.991229311914744, -1.908469903836235 ], [ 29.99159396017264, -1.908218207225778 ], [ 29.991816168419991, -1.908006539001999 ], [ 29.992336444730871, -1.907782808557924 ], [ 29.992055407500942, -1.907331535640317 ], [ 29.99171914938572, -1.906845312657077 ], [ 29.991285999678613, -1.906244679825539 ], [ 29.990887036984844, -1.90568408886842 ], [ 29.990431104086461, -1.905134935171723 ], [ 29.989975125322562, -1.904328365871405 ], [ 29.98967305646481, -1.903790665005036 ], [ 29.989370987303339, -1.903333033222876 ], [ 29.988880850545481, -1.902801049873473 ], [ 29.988709034025149, -1.902580397345974 ], [ 29.988493310388183, -1.902303390947313 ], [ 29.98812855217475, -1.901794279945203 ], [ 29.987718167514288, -1.901096405320374 ], [ 29.987267907583153, -1.900352752470828 ], [ 29.986996573448522, -1.899942289359637 ], [ 29.986874648592035, -1.89975785210068 ], [ 29.986281963548699, -1.899283067338399 ], [ 29.985580915536158, -1.898116124025722 ], [ 29.985312206750493, -1.897832212204421 ], [ 29.985147781484365, -1.897658509373589 ], [ 29.98476594487304, -1.897303853125291 ], [ 29.984509469435761, -1.896914872241404 ], [ 29.984047835146267, -1.89641148012889 ], [ 29.983648903558699, -1.895993907221676 ], [ 29.983329755512358, -1.895644970084772 ], [ 29.982851026519981, -1.895072943299686 ], [ 29.982554644417956, -1.894609594230223 ], [ 29.982155682936909, -1.894026115005992 ], [ 29.981825127636583, -1.893597091139559 ], [ 29.981642592897359, -1.893274432107694 ], [ 29.981403352528165, -1.892864890076995 ], [ 29.981203863753525, -1.89247591021164 ], [ 29.980901747105499, -1.891646468382707 ], [ 29.980622444431663, -1.890994337840097 ], [ 29.980263373021479, -1.890462355284396 ], [ 29.980029679881945, -1.88994180726004 ], [ 29.979773173596048, -1.889295411954289 ], [ 29.979459651812707, -1.88849456209975 ], [ 29.979300054063422, -1.888099861831883 ], [ 29.979125190475113, -1.887786202797998 ], [ 29.979032172675151, -1.887619343308157 ], [ 29.978769963638367, -1.886972946870372 ], [ 29.978541926908001, -1.8861835491263 ], [ 29.978348110315274, -1.885600069722142 ], [ 29.978125791787786, -1.884953674580939 ], [ 29.97802047799917, -1.884455578142949 ], [ 29.977926224423232, -1.88400980517662 ], [ 29.977726689128634, -1.883317647807718 ], [ 29.977544230835985, -1.882430993172056 ], [ 29.977492871351949, -1.881853231619144 ], [ 29.977481354409541, -1.880903644825338 ], [ 29.977355897999676, -1.880188598532476 ], [ 29.977338694958693, -1.879364859544538 ], [ 29.977565980317607, -1.878628753179752 ], [ 29.977653482960836, -1.878433239330739 ], [ 29.977695155680003, -1.878187714225165 ], [ 29.977748780846792, -1.877871836619689 ], [ 29.978255823244229, -1.877105295341938 ], [ 29.97834127813336, -1.876905078286857 ], [ 29.978421030552926, -1.876699143222474 ], [ 29.978768568889418, -1.876241495738767 ], [ 29.978956540964173, -1.875698060067777 ], [ 29.978973572724648, -1.875194667749024 ], [ 29.97909885686407, -1.874622624442193 ], [ 29.979138670375143, -1.873999102415027 ], [ 29.979127138996056, -1.873055232566068 ], [ 29.978921961703016, -1.872700577098718 ], [ 29.97896635306229, -1.872241930051907 ], [ 29.979525896155241, -1.872008388686794 ], [ 29.979924749146001, -1.871819607440574 ], [ 29.980391978217408, -1.871545022587725 ], [ 29.980602795189821, -1.871333353755657 ], [ 29.980853472252864, -1.871024459653013 ], [ 29.981201011281925, -1.870589701460706 ], [ 29.981735805033701, -1.870147756595149 ], [ 29.982118344005627, -1.869828863171936 ], [ 29.982585588276148, -1.869657237615685 ], [ 29.983161101530232, -1.869502782159479 ], [ 29.983679628320573, -1.86935402944357 ], [ 29.984118372037329, -1.869125205774586 ], [ 29.984568491717045, -1.868810576900941 ], [ 29.984943062711366, -1.868539648485583 ], [ 29.985098394592068, -1.868427298105035 ], [ 29.985606779615615, -1.867963340196977 ], [ 29.986087119548884, -1.868043894427485 ], [ 29.986596973887337, -1.867815181035015 ], [ 29.987257942427497, -1.867569201740936 ], [ 29.98782165779236, -1.867533735935195 ], [ 29.988342013067971, -1.867896235007341 ], [ 29.988955776459559, -1.868272139374662 ], [ 29.989184297162822, -1.868222159979223 ], [ 29.989396083374331, -1.868178163390687 ] ] ] } },
{ "type": "Feature", "properties": { "district": "GASABO" }, "geometry": { "type": "Polygon", "coordinates": [ [ [ 30.247773759787268, -1.845748545672674 ], [ 30.247857135816155, -1.845979180261478 ], [ 30.248003218199866, -1.847467969854004 ], [ 30.248232629611895, -1.848663160376718 ], [ 30.248524496455037, -1.849459948013038 ], [ 30.248712156943089, -1.850193836374767 ], [ 30.248879004723634, -1.851200324599867 ], [ 30.248962850431823, -1.851649909906194 ], [ 30.249066712682374, -1.852206813440933 ], [ 30.24903189877282, -1.852573436579834 ], [ 30.24895225710436, -1.853412549190859 ], [ 30.248805737877632, -1.853973094123398 ], [ 30.248743971268858, -1.85420940004557 ], [ 30.248631093925692, -1.854777709374949 ], [ 30.24857737418959, -1.855048184876386 ], [ 30.24834515129686, -1.855638725963812 ], [ 30.248181553867859, -1.856054752526938 ], [ 30.247952220818775, -1.856285575844125 ], [ 30.247618962868458, -1.856620998018088 ], [ 30.247838264865216, -1.85703693078453 ], [ 30.248735754161387, -1.85721607066967 ], [ 30.249192420583512, -1.857071613637532 ], [ 30.249734244278837, -1.857008620127532 ], [ 30.250461713212612, -1.857034539184771 ], [ 30.250919364201771, -1.857155309109021 ], [ 30.251711725991655, -1.857614236976503 ], [ 30.252443586303798, -1.858224431931618 ], [ 30.253402311301819, -1.8588743421693 ], [ 30.254605946258252, -1.859327427003018 ], [ 30.255630204091236, -1.859619134992331 ], [ 30.256678446123328, -1.860013020789451 ], [ 30.25764553056165, -1.860293902466649 ], [ 30.258591676449278, -1.860718864120613 ], [ 30.259258582215846, -1.861012321893339 ], [ 30.25980043790041, -1.861159027039352 ], [ 30.260592392684437, -1.861410535832532 ], [ 30.261196797015995, -1.861745959086724 ], [ 30.261571946489294, -1.862039463843809 ], [ 30.261871187263598, -1.862281723377232 ], [ 30.261999221048779, -1.862385385716928 ], [ 30.262167303839483, -1.86238535514838 ], [ 30.262353495210672, -1.862385339036718 ], [ 30.262957617155188, -1.862473190867509 ], [ 30.263470253503719, -1.862417070183287 ], [ 30.263760213812976, -1.862605303073025 ], [ 30.263816292945052, -1.862742275790259 ], [ 30.263906139534033, -1.862961755540982 ], [ 30.263977812426219, -1.863093900708516 ], [ 30.264156285766283, -1.863423026891276 ], [ 30.264427292062535, -1.864010115389121 ], [ 30.264719125391302, -1.864513335505041 ], [ 30.264927536922933, -1.864597172745269 ], [ 30.264906707823283, -1.864743956658098 ], [ 30.264948427795861, -1.864953640370629 ], [ 30.264802566533128, -1.865121422615992 ], [ 30.264406682524413, -1.865519886776484 ], [ 30.264177458271135, -1.86568766892083 ], [ 30.263906592379016, -1.866002250757044 ], [ 30.263635696442794, -1.866170048178453 ], [ 30.263281438897021, -1.866316878713308 ], [ 30.263024042610176, -1.86663352325652 ], [ 30.26290639940871, -1.866778260512779 ], [ 30.262686411108721, -1.867027347622165 ], [ 30.262573017083245, -1.867155741884561 ], [ 30.262439749019336, -1.86732647690236 ], [ 30.262343824572291, -1.867449340588974 ], [ 30.262013488836544, -1.867721379914287 ], [ 30.261885409180795, -1.867826854199567 ], [ 30.261684341536295, -1.867922096620371 ], [ 30.261531150634898, -1.867994667471541 ], [ 30.261374225223562, -1.868087581552679 ], [ 30.261176908991288, -1.868204398797527 ], [ 30.260906043370209, -1.868581881437798 ], [ 30.26067686625758, -1.869001297654131 ], [ 30.260447674494991, -1.869315878305615 ], [ 30.260176871106573, -1.870154679078026 ], [ 30.260135229799936, -1.870385330374418 ], [ 30.26017296561443, -1.870527645755357 ], [ 30.260218638384991, -1.870699864383465 ], [ 30.260531380013241, -1.87164342083641 ], [ 30.260573115337703, -1.872104723743419 ], [ 30.260584913126237, -1.872294019636965 ], [ 30.260594007039277, -1.872440225659574 ], [ 30.260531552886974, -1.872838642992488 ], [ 30.260427393910778, -1.873153194144477 ], [ 30.260344063793511, -1.873383875191214 ], [ 30.259927320097496, -1.873761373264805 ], [ 30.259593906866996, -1.873929171456501 ], [ 30.259177147970878, -1.874180867086808 ], [ 30.2589271266657, -1.874495433568331 ], [ 30.258739591278697, -1.874705165128318 ], [ 30.258635417166118, -1.874851948764849 ], [ 30.25842706875715, -1.875187497461639 ], [ 30.258427084375729, -1.875355247741066 ], [ 30.258093733935237, -1.875942430452714 ], [ 30.258225596378725, -1.876912484407507 ], [ 30.25824476899265, -1.877583643671731 ], [ 30.258088188124354, -1.877850666945233 ], [ 30.257989841583676, -1.878018370329488 ], [ 30.257972496946547, -1.878184308878476 ], [ 30.257948216454267, -1.878416787274082 ], [ 30.257887449216948, -1.878983143657613 ], [ 30.257864963999392, -1.879192656221667 ], [ 30.257885855839707, -1.879549124953554 ], [ 30.257823385510822, -1.879884641125226 ], [ 30.25765669509968, -1.880031441268309 ], [ 30.257581708744102, -1.881059536769579 ], [ 30.257552708186623, -1.88145734586319 ], [ 30.257552787267564, -1.882002547378807 ], [ 30.2575319580572, -1.882128362730848 ], [ 30.257594568748306, -1.882736449773779 ], [ 30.257584288538332, -1.882964757518459 ], [ 30.257573803177284, -1.883197769290619 ], [ 30.257714634413915, -1.88411799889727 ], [ 30.257740681962744, -1.884288139349917 ], [ 30.257782449573721, -1.884938175613362 ], [ 30.257707650786013, -1.885284160720004 ], [ 30.257845060194992, -1.885525294948553 ], [ 30.257854279080323, -1.886239638171298 ], [ 30.257866044897444, -1.886510832111052 ], [ 30.257961297391677, -1.886834132004126 ], [ 30.258032846282365, -1.887076969128714 ], [ 30.258032940309388, -1.887727005230079 ], [ 30.258032971335883, -1.887894756392727 ], [ 30.258116457268837, -1.888733509702472 ], [ 30.258220758031449, -1.889488380226126 ], [ 30.258200023264919, -1.8901803483868 ], [ 30.258241773883039, -1.890662635204622 ], [ 30.258294010332296, -1.891511871975411 ], [ 30.258273307107839, -1.892434507789824 ], [ 30.258106724951901, -1.893399109795806 ], [ 30.257960940873424, -1.894028194616462 ], [ 30.257835984765091, -1.894657294405599 ], [ 30.25786573676471, -1.894844589690746 ], [ 30.257955269756824, -1.895176217533243 ], [ 30.258149992379817, -1.895267255586749 ], [ 30.258352809336486, -1.895393744669315 ], [ 30.258728427241682, -1.895727870065416 ], [ 30.259118826326254, -1.895951693877559 ], [ 30.259824170697854, -1.895791333324023 ], [ 30.260397449091254, -1.895679686659048 ], [ 30.260592374600513, -1.89564173668086 ], [ 30.261107511482141, -1.895801784394328 ], [ 30.262037032157924, -1.895792863737331 ], [ 30.262834659198695, -1.895722635332473 ], [ 30.26377061708175, -1.895776254814171 ], [ 30.264507962641876, -1.895917101400691 ], [ 30.265144163406053, -1.896189779979616 ], [ 30.265776350147782, -1.896375544924214 ], [ 30.266436957677634, -1.896524437522358 ], [ 30.267169458297914, -1.89673929307088 ], [ 30.267714595641507, -1.897130117269114 ], [ 30.268214810835673, -1.897423607004084 ], [ 30.268944295255295, -1.897905782070181 ], [ 30.269840471593486, -1.898304058278964 ], [ 30.270632457702352, -1.898639433917948 ], [ 30.271028467188852, -1.898911972381025 ], [ 30.271173360876503, -1.899007839132312 ], [ 30.271820469750729, -1.899436065978139 ], [ 30.272547438550578, -1.899685996715498 ], [ 30.27294069706922, -1.900010217486983 ], [ 30.272610205080433, -1.900488894014574 ], [ 30.272109007249032, -1.901220375799143 ], [ 30.271457414945989, -1.902052770640293 ], [ 30.271106594766781, -1.902658123316293 ], [ 30.271085922913826, -1.903169561932256 ], [ 30.271076970434592, -1.90339110495664 ], [ 30.271056656807719, -1.903893950431875 ], [ 30.271071236076185, -1.90420020498495 ], [ 30.271131924563608, -1.904373126972375 ], [ 30.271157034672722, -1.904675772043933 ], [ 30.271056845421352, -1.905129762371313 ], [ 30.270781417662104, -1.90702137470012 ], [ 30.270821949778597, -1.907753310542854 ], [ 30.270831684418102, -1.907929310255207 ], [ 30.270831793841349, -1.908559831332195 ], [ 30.27083185698482, -1.908963357946383 ], [ 30.27085677994403, -1.909126203790811 ], [ 30.270932219218398, -1.909619096991247 ], [ 30.271109567382243, -1.910213544393201 ], [ 30.27115792708117, -1.910375669283985 ], [ 30.27154665527598, -1.911674492263502 ], [ 30.272023056465454, -1.912531915571148 ], [ 30.27209816710009, -1.912720789466101 ], [ 30.272474410263747, -1.913666782208209 ], [ 30.272545318336451, -1.913870513966227 ], [ 30.272825497510297, -1.914675551446916 ], [ 30.27289515562509, -1.915125558627765 ], [ 30.273088972938893, -1.916377914836081 ], [ 30.273440105745419, -1.91768934538112 ], [ 30.273715923971828, -1.918319821004184 ], [ 30.273891475672819, -1.918874646399457 ], [ 30.273910709925762, -1.919375461219343 ], [ 30.273916648416808, -1.919530384392485 ], [ 30.274217514191964, -1.920009528645973 ], [ 30.274440160821669, -1.920606585448371 ], [ 30.274518443261574, -1.920816551046188 ], [ 30.274593663237887, -1.920993081820705 ], [ 30.274838935562482, -1.92156865624455 ], [ 30.274863904418254, -1.92170483090903 ], [ 30.275020049678606, -1.922556693329573 ], [ 30.275421261195309, -1.923540244794901 ], [ 30.275596859627996, -1.924372499296746 ], [ 30.275797505150226, -1.925053437907303 ], [ 30.27613334036722, -1.925514053874594 ], [ 30.276349079699475, -1.92580996475004 ], [ 30.276675055211403, -1.926465656111719 ], [ 30.276825590351624, -1.927373575269785 ], [ 30.276800558437394, -1.927550121342101 ], [ 30.276924812313034, -1.928355721950167 ], [ 30.2768759991413, -1.929088578792815 ], [ 30.276960485415817, -1.92947454426113 ], [ 30.277011799340894, -1.929708944741721 ], [ 30.276976500988667, -1.930551369432771 ], [ 30.277152068586428, -1.931131411642384 ], [ 30.277227366688528, -1.931812366768215 ], [ 30.277277556113113, -1.932140228507867 ], [ 30.277241352441582, -1.93249816526566 ], [ 30.27730593179157, -1.932694600611416 ], [ 30.277272665798662, -1.933113813529194 ], [ 30.277337839410443, -1.933659452646187 ], [ 30.277251150469709, -1.934248774885689 ], [ 30.277207835865703, -1.934641661234974 ], [ 30.276928439480411, -1.935444668938352 ], [ 30.276517056199534, -1.936283140535941 ], [ 30.275917496757014, -1.936966376964625 ], [ 30.275462033478544, -1.937490283597433 ], [ 30.275223450458, -1.937795897284941 ], [ 30.27478964313573, -1.938079715088617 ], [ 30.274399260079036, -1.93858178044766 ], [ 30.273922078049086, -1.93895290341939 ], [ 30.273401535423297, -1.93949865249728 ], [ 30.273071215208251, -1.940014528616747 ], [ 30.272490577669434, -1.940393682305521 ], [ 30.272330528011128, -1.940740947781087 ], [ 30.272002661959416, -1.941452337810227 ], [ 30.271720780861735, -1.942325432305928 ], [ 30.271460571856636, -1.942914786208213 ], [ 30.271267661171212, -1.943469612199218 ], [ 30.271157002360177, -1.943787895932217 ], [ 30.270845043569956, -1.944714782238644 ], [ 30.270571522034878, -1.945163054739198 ], [ 30.27022449824176, -1.945599625662512 ], [ 30.269985946654575, -1.946036195356041 ], [ 30.269552171793752, -1.946560102868585 ], [ 30.269177132459056, -1.946937084636942 ], [ 30.268642839647665, -1.947186234892273 ], [ 30.268120593864975, -1.947520689803368 ], [ 30.267746115790082, -1.947772307775052 ], [ 30.267600472315628, -1.947874298459909 ], [ 30.267367607482129, -1.948221596103846 ], [ 30.267212260856265, -1.948453263235997 ], [ 30.267083087009695, -1.948679899309947 ], [ 30.26700449081239, -1.948817809028998 ], [ 30.266926004903375, -1.948971153893865 ], [ 30.266819268576377, -1.949179698492487 ], [ 30.266686531301488, -1.949588849213542 ], [ 30.266608279213678, -1.94976606852521 ], [ 30.266510808921385, -1.949986829712638 ], [ 30.266414509886374, -1.950224715369903 ], [ 30.266325617696012, -1.95044435187257 ], [ 30.266224739770713, -1.950815131180864 ], [ 30.266147082597019, -1.951100527694831 ], [ 30.266021283190383, -1.951420139581233 ], [ 30.265949281109197, -1.951603045905848 ], [ 30.265684259722054, -1.952272001629557 ], [ 30.265461223474855, -1.952698698320254 ], [ 30.265374238305608, -1.952865119983212 ], [ 30.265222078075965, -1.953013232565114 ], [ 30.265058559154344, -1.953155704139555 ], [ 30.264930166113064, -1.953269054410241 ], [ 30.26465061338131, -1.953261570160396 ], [ 30.264418232784791, -1.953235635064063 ], [ 30.264260135268831, -1.95321798009023 ], [ 30.264010927298223, -1.953176672121617 ], [ 30.263618511626944, -1.953072744313062 ], [ 30.263517493471959, -1.953049886061712 ], [ 30.263307988724591, -1.952979377308684 ], [ 30.263042467915316, -1.952890009826866 ], [ 30.262915104884332, -1.952847153996804 ], [ 30.262647599099957, -1.952837514938825 ], [ 30.262380077953196, -1.952798392909753 ], [ 30.261874597031831, -1.952752788034954 ], [ 30.261608544963082, -1.952709386742665 ], [ 30.261483339204222, -1.952694589802926 ], [ 30.260972702563926, -1.952570210543179 ], [ 30.260680039549676, -1.952553244604829 ], [ 30.260485442659441, -1.952541964018573 ], [ 30.260151747279739, -1.952445582789756 ], [ 30.259892726113737, -1.952369916932384 ], [ 30.259773847862629, -1.952337732824277 ], [ 30.259680673874211, -1.952327733341817 ], [ 30.259330071803813, -1.952290126888331 ], [ 30.258905063204253, -1.95221849328188 ], [ 30.258489615489051, -1.952105737713193 ], [ 30.258262517694636, -1.952060444985626 ], [ 30.258012340169824, -1.951996685310442 ], [ 30.257773709852675, -1.95193123793838 ], [ 30.257503531902849, -1.951946815143099 ], [ 30.257412404382965, -1.951952064980804 ], [ 30.25701445857619, -1.951975015778611 ], [ 30.25627684783376, -1.9516695593334 ], [ 30.255409110218899, -1.951516901376057 ], [ 30.254801690073357, -1.951429690217525 ], [ 30.25441475981912, -1.951382554521728 ], [ 30.25429956996717, -1.951368524272813 ], [ 30.254074206122027, -1.951339902235334 ], [ 30.253947719102833, -1.951382351462823 ], [ 30.253714260093769, -1.951476748982587 ], [ 30.25323982806254, -1.951648187049918 ], [ 30.25289136665161, -1.951786643610535 ], [ 30.252415544633944, -1.951975705604857 ], [ 30.252020066649596, -1.952068618757712 ], [ 30.251764779337417, -1.952128598120775 ], [ 30.251503132886416, -1.952205419992941 ], [ 30.251244158764113, -1.952281459084334 ], [ 30.25064425515048, -1.952583089670826 ], [ 30.250539377563229, -1.952635818912932 ], [ 30.24999663134712, -1.952658660439191 ], [ 30.249775955369476, -1.952667941341622 ], [ 30.249118799613775, -1.952891764615681 ], [ 30.248923107489205, -1.952958416696397 ], [ 30.248441956314977, -1.953095903616983 ], [ 30.247968664781041, -1.953285965294243 ], [ 30.24725285158075, -1.953700772916235 ], [ 30.246406864381257, -1.953962811370209 ], [ 30.246211626676221, -1.954028321690457 ], [ 30.245625941318902, -1.954224835337036 ], [ 30.245280465213977, -1.95430434397579 ], [ 30.24508439780216, -1.954444878585855 ], [ 30.24454366796294, -1.954604988768785 ], [ 30.244302708494942, -1.954508779754018 ], [ 30.243955623855111, -1.954574304804769 ], [ 30.243413313835273, -1.954705340705514 ], [ 30.243080495536692, -1.954925243472777 ], [ 30.242794237939421, -1.955117319705071 ], [ 30.242253554373178, -1.955597464816876 ], [ 30.241267564205408, -1.956205692484959 ], [ 30.240893634249264, -1.956280982473546 ], [ 30.240758646275431, -1.956493807959135 ], [ 30.240440577990242, -1.956621873893092 ], [ 30.239907956139962, -1.956700789841329 ], [ 30.239699717903864, -1.956863165202479 ], [ 30.23913650167583, -1.957294142754904 ], [ 30.238640443557852, -1.957472314630959 ], [ 30.238110901271927, -1.957878168921885 ], [ 30.23797172596101, -1.95798483149369 ], [ 30.237746611962098, -1.958210983039468 ], [ 30.237510512781345, -1.958345393198296 ], [ 30.237078832388246, -1.958551765924635 ], [ 30.236910094125967, -1.958862690802587 ], [ 30.236401191614682, -1.959182803364135 ], [ 30.23578895933354, -1.959273983692893 ], [ 30.235678519838768, -1.959524476290246 ], [ 30.235234370335846, -1.95991387950691 ], [ 30.235060819678456, -1.960037837847524 ], [ 30.234844783112266, -1.96032145330495 ], [ 30.234556589730772, -1.960589179731713 ], [ 30.234167111820806, -1.96087362269786 ], [ 30.233889528614498, -1.961247964937156 ], [ 30.233824198337643, -1.961653599949897 ], [ 30.233506065974524, -1.962096123759691 ], [ 30.233480472813039, -1.962582407685043 ], [ 30.233208669385153, -1.962951093569394 ], [ 30.233079995651366, -1.963390289533982 ], [ 30.232932930343878, -1.964046793769379 ], [ 30.232750879601891, -1.964805898253252 ], [ 30.232634376746077, -1.965119291886331 ], [ 30.232511405426891, -1.965564268226023 ], [ 30.232382309188637, -1.966083612238919 ], [ 30.232184445539172, -1.966579178148476 ], [ 30.231941315404438, -1.966969362105109 ], [ 30.231852688273818, -1.967415509395778 ], [ 30.231790030728096, -1.96769667202112 ], [ 30.231662840102278, -1.968080747431092 ], [ 30.231587276763236, -1.96874053199025 ], [ 30.231567525999576, -1.968912876131491 ], [ 30.231575855871537, -1.969612798040364 ], [ 30.231790375593377, -1.970193027124797 ], [ 30.232076757544633, -1.970865076771865 ], [ 30.23220405797079, -1.971377141163562 ], [ 30.232299558965924, -1.97188918829027 ], [ 30.232379186836802, -1.972641293640196 ], [ 30.232341263347902, -1.973259894573621 ], [ 30.232274841290021, -1.973996031705677 ], [ 30.232252747545456, -1.974553717167841 ], [ 30.232347765836888, -1.97539368863537 ], [ 30.232297295841501, -1.975959060407309 ], [ 30.232541239035374, -1.97640516091091 ], [ 30.232856901930887, -1.976801813562637 ], [ 30.233111439594158, -1.977217838862895 ], [ 30.23320689400505, -1.977441865508293 ], [ 30.2333978047979, -1.977761883309548 ], [ 30.233811408321628, -1.97830589698897 ], [ 30.233943301669374, -1.978457525095858 ], [ 30.234256809081202, -1.978817898732246 ], [ 30.234399983911025, -1.979121933529295 ], [ 30.23463192685168, -1.979448545910515 ], [ 30.234718147752655, -1.979569941337538 ], [ 30.234889994603833, -1.979915628752609 ], [ 30.234972699872412, -1.980081988967799 ], [ 30.235390944652593, -1.980376462440888 ], [ 30.235476884151215, -1.98066876381558 ], [ 30.235577214399761, -1.981010031389188 ], [ 30.235927222073578, -1.981714077145163 ], [ 30.236022724366084, -1.982322148323239 ], [ 30.236643519983922, -1.982882643682544 ], [ 30.236713286782404, -1.983045583220221 ], [ 30.236445436583931, -1.983002181409673 ], [ 30.236295512824114, -1.982977886133562 ], [ 30.236011740387571, -1.982931905260204 ], [ 30.235322099495608, -1.983066316273203 ], [ 30.235058672429457, -1.982942780092114 ], [ 30.234737852068431, -1.982818495033126 ], [ 30.234376312955007, -1.982791028926138 ], [ 30.233475371083351, -1.982716677121215 ], [ 30.233096316173349, -1.982746236442231 ], [ 30.232723823442228, -1.982621309800389 ], [ 30.231989181975703, -1.9825834079633 ], [ 30.231616033643181, -1.982578688677158 ], [ 30.231035863171069, -1.982640074171045 ], [ 30.230530946327736, -1.982587891749598 ], [ 30.230164344112449, -1.982434405929019 ], [ 30.229837196902682, -1.98249536940669 ], [ 30.229257449735549, -1.982400066011265 ], [ 30.228809892917393, -1.982354335485603 ], [ 30.228310741129555, -1.98229649789743 ], [ 30.227810886415032, -1.982370334326034 ], [ 30.227442690493245, -1.982294935789348 ], [ 30.227065307033058, -1.982229253948699 ], [ 30.226732346404038, -1.98222503539335 ], [ 30.22634816621596, -1.982140042674228 ], [ 30.225935031877913, -1.982250533596022 ], [ 30.225170749164022, -1.982233941400726 ], [ 30.224715630614156, -1.982295311190115 ], [ 30.224263245330899, -1.982314074931256 ], [ 30.223838564203863, -1.98228581193213 ], [ 30.223413663718137, -1.982297623778818 ], [ 30.223115001171681, -1.98232246499107 ], [ 30.222730383191919, -1.982317606855747 ], [ 30.222316655057767, -1.982386803768215 ], [ 30.222121073065573, -1.982458766790872 ], [ 30.221724580123297, -1.982528182823831 ], [ 30.221236458962544, -1.982550633446258 ], [ 30.220972578505059, -1.982512950029508 ], [ 30.220610867696319, -1.982519839747113 ], [ 30.220276859283359, -1.982710260544949 ], [ 30.219903507390246, -1.982745617184553 ], [ 30.219594110713633, -1.98269719937417 ], [ 30.219283759807215, -1.982809111230264 ], [ 30.218926610691085, -1.982916477199586 ], [ 30.218098483260693, -1.983180812782368 ], [ 30.217592175948226, -1.983386232573157 ], [ 30.217390390446731, -1.983543984974044 ], [ 30.217085586655184, -1.983643178349153 ], [ 30.21667148379878, -1.983781072696235 ], [ 30.216279896864105, -1.984005114853906 ], [ 30.215831323992756, -1.984148306336515 ], [ 30.215634914658317, -1.984374817187919 ], [ 30.215399299651747, -1.984417640862502 ], [ 30.215049276538764, -1.984482698007345 ], [ 30.214732472399078, -1.984580955546265 ], [ 30.214375652205955, -1.984742473157185 ], [ 30.213984644005116, -1.984857760037397 ], [ 30.213058216588703, -1.985252520373739 ], [ 30.212716505662094, -1.985374244738733 ], [ 30.212062835419964, -1.985657860259668 ], [ 30.211723905303973, -1.985699372660135 ], [ 30.210907935132816, -1.985837923358834 ], [ 30.21023831033877, -1.986067121732706 ], [ 30.209728393383397, -1.986178720988704 ], [ 30.209194772088114, -1.986274260205024 ], [ 30.208453395818172, -1.986419465981451 ], [ 30.207845617155886, -1.986468946377414 ], [ 30.20754017266, -1.986493819189875 ], [ 30.207040223741409, -1.986584826738028 ], [ 30.206563011160128, -1.986716190245442 ], [ 30.205620131169979, -1.986967621640439 ], [ 30.205224121864759, -1.986945451714558 ], [ 30.204741908354563, -1.986939358064782 ], [ 30.204218990305268, -1.987030069180742 ], [ 30.203875294423362, -1.98713866949141 ], [ 30.203409706535609, -1.987161027177367 ], [ 30.202823225152997, -1.987161293264344 ], [ 30.20245634139636, -1.987272689074839 ], [ 30.20178910779978, -1.987297078114776 ], [ 30.201364302073877, -1.987291703599747 ], [ 30.200789945142269, -1.987341699204653 ], [ 30.200520189533961, -1.987326841410003 ], [ 30.200118134426692, -1.987361838150802 ], [ 30.199635638291447, -1.987407271905404 ], [ 30.199019827772542, -1.987518481059408 ], [ 30.198532067295925, -1.987540839162775 ], [ 30.197911272258867, -1.987540916820139 ], [ 30.19762575067044, -1.987507825963594 ], [ 30.197126098553497, -1.98754158921172 ], [ 30.196890858962661, -1.987515716884296 ], [ 30.196356769376226, -1.987549041756226 ], [ 30.196004542310511, -1.987585758127264 ], [ 30.195472421159504, -1.987541215303601 ], [ 30.195117679254732, -1.987474330469434 ], [ 30.194474695824095, -1.987429787823794 ], [ 30.193975185257049, -1.987375839854571 ], [ 30.193693726257468, -1.987406634116667 ], [ 30.193508221319632, -1.987427397597904 ], [ 30.193280122593084, -1.987452942440698 ], [ 30.192728580100646, -1.987526123415072 ], [ 30.192251772410021, -1.987583071545475 ], [ 30.191809387491681, -1.987646176591443 ], [ 30.191415096930051, -1.98772015366208 ], [ 30.190838756664082, -1.987719794762029 ], [ 30.190328729952768, -1.987898732184414 ], [ 30.189663605611809, -1.988099574026887 ], [ 30.18930887863544, -1.988211142872991 ], [ 30.189165156596957, -1.988251764457837 ], [ 30.188653536274529, -1.988396344458685 ], [ 30.188279777528823, -1.988506116342895 ], [ 30.187871268612039, -1.988672711112622 ], [ 30.187646982657593, -1.988744298201653 ], [ 30.18718631666983, -1.989001822544858 ], [ 30.186806136322495, -1.989237473575788 ], [ 30.186177700895243, -1.989733320614015 ], [ 30.185890224869688, -1.98991878779596 ], [ 30.185768675538366, -1.989997219594041 ], [ 30.18530822824237, -1.990214668422786 ], [ 30.184761575238838, -1.990448210581642 ], [ 30.184399723450731, -1.990610101619127 ], [ 30.184741762318328, -1.989750851025215 ], [ 30.184763887699177, -1.989304717838072 ], [ 30.184719480387844, -1.988813965956121 ], [ 30.184697244710588, -1.988211675505233 ], [ 30.184719370365837, -1.987832444054146 ], [ 30.184741496237852, -1.987430917146064 ], [ 30.184674931786706, -1.986873247001219 ], [ 30.184741371169515, -1.98624863211373 ], [ 30.184696978432676, -1.985847120817473 ], [ 30.184719104548229, -1.985423283069949 ], [ 30.184696821780083, -1.98441945097675 ], [ 30.184652414295442, -1.983794866614626 ], [ 30.184718869190093, -1.983326407644242 ], [ 30.184696665691931, -1.982947192005796 ], [ 30.184696602300271, -1.982367196282432 ], [ 30.184652195611068, -1.981854148880513 ], [ 30.184696477144566, -1.981318773460262 ], [ 30.184696414478754, -1.980761089463116 ], [ 30.184696351386759, -1.98015879917089 ], [ 30.184430205240783, -1.979355776430554 ], [ 30.184164136374882, -1.979177340299085 ], [ 30.183720578989519, -1.977972807279166 ], [ 30.183387946645436, -1.977437463817826 ], [ 30.183099674514782, -1.976946742445639 ], [ 30.182744884951081, -1.97647833106458 ], [ 30.18250095744726, -1.976143752465172 ], [ 30.182190528794894, -1.975742256782656 ], [ 30.181857927430503, -1.975474608598874 ], [ 30.181713830088054, -1.975387663015319 ], [ 30.181422823737535, -1.97505767673798 ], [ 30.181081831339196, -1.974493180625223 ], [ 30.181015282969256, -1.974180880477909 ], [ 30.180948734630903, -1.973868595700002 ], [ 30.181015219956507, -1.973623210788858 ], [ 30.180948655671266, -1.973154769121771 ], [ 30.180500879662137, -1.972487031290832 ], [ 30.180576866106584, -1.972236100205575 ], [ 30.180424925312359, -1.97166741644563 ], [ 30.180138856652786, -1.971486323512245 ], [ 30.179640345358195, -1.971308293428581 ], [ 30.179158802764736, -1.97117625779005 ], [ 30.178432005854837, -1.970913172698853 ], [ 30.177966385741154, -1.970734767710804 ], [ 30.177323403238201, -1.970511771650164 ], [ 30.176857798821906, -1.970377970834079 ], [ 30.175948747518866, -1.970132696275255 ], [ 30.174906957870277, -1.969697064019492 ], [ 30.174373946011062, -1.969530031227062 ], [ 30.173775901819546, -1.969307551741357 ], [ 30.173265937289283, -1.969039920157912 ], [ 30.172778176034299, -1.968995361133997 ], [ 30.172489935413843, -1.968906166744881 ], [ 30.171869125334457, -1.968683155273634 ], [ 30.170694036342724, -1.968415585340414 ], [ 30.170087007668446, -1.968170624477299 ], [ 30.169164158324389, -1.967813452157914 ], [ 30.168574474046761, -1.967596207466479 ], [ 30.167824362467456, -1.967231786645333 ], [ 30.167400416227657, -1.967066129666785 ], [ 30.166821981001597, -1.966806934092163 ], [ 30.166260781425098, -1.96654222307385 ], [ 30.165825115284743, -1.96642221872018 ], [ 30.165372463936801, -1.966256217652639 ], [ 30.164485882423026, -1.96589551611745 ], [ 30.164215829373582, -1.965692018195619 ], [ 30.163746209320305, -1.965479991098225 ], [ 30.163127852330486, -1.965168752657732 ], [ 30.162549448327226, -1.9649038402823 ], [ 30.162331974790781, -1.964775148090186 ], [ 30.1618910888618, -1.964557761489221 ], [ 30.159792073059631, -1.963571786959858 ], [ 30.158218772596982, -1.962622528965719 ], [ 30.156836523380466, -1.961809586593883 ], [ 30.155562198495929, -1.961005860934521 ], [ 30.154616786249715, -1.960353920365419 ], [ 30.153504089029326, -1.959302686218552 ], [ 30.152778838084949, -1.958657540965199 ], [ 30.152061088083123, -1.958039845507315 ], [ 30.151461886960579, -1.957594573396459 ], [ 30.150801559631248, -1.957081556317779 ], [ 30.150261265847359, -1.956407117044778 ], [ 30.149660502032305, -1.955793828975429 ], [ 30.148840624797138, -1.955519041087128 ], [ 30.147908431679262, -1.955343338495233 ], [ 30.147776631996784, -1.955315559248239 ], [ 30.146768500326505, -1.955103047234136 ], [ 30.14604118739139, -1.954867708953918 ], [ 30.145061665024947, -1.954527272080753 ], [ 30.144256428552758, -1.954291308448682 ], [ 30.143550146556017, -1.954172928425792 ], [ 30.142522670960936, -1.954139697525558 ], [ 30.1415699633469, -1.953969057032004 ], [ 30.140475657296466, -1.953619572668584 ], [ 30.139515010298112, -1.953202766571706 ], [ 30.138838854351228, -1.952699295706598 ], [ 30.138702898719462, -1.952642957252041 ], [ 30.138651132030979, -1.952724278543069 ], [ 30.138489471715165, -1.952854110803463 ], [ 30.138268514391203, -1.953010237510618 ], [ 30.138153449231492, -1.953091526942733 ], [ 30.137325306303563, -1.953555892051859 ], [ 30.136286330677134, -1.954020163655841 ], [ 30.135300152010583, -1.954487903449453 ], [ 30.134484445824722, -1.954894445854772 ], [ 30.133693085385374, -1.955263632280753 ], [ 30.132989772865841, -1.955674673663759 ], [ 30.132358478717695, -1.956127899699523 ], [ 30.132009205140353, -1.956384486407113 ], [ 30.131892889848945, -1.956441747098858 ], [ 30.131739792570787, -1.956535675158381 ], [ 30.131643056380277, -1.956600263020887 ], [ 30.131554366992457, -1.956660337053308 ], [ 30.131464504770673, -1.956723847167781 ], [ 30.131350378142066, -1.956813557399327 ], [ 30.131234907238373, -1.956933171459082 ], [ 30.131139264122638, -1.956998103803167 ], [ 30.131049840324216, -1.95705881731287 ], [ 30.130325808276119, -1.95753201017014 ], [ 30.129746045823698, -1.957933489668801 ], [ 30.129241753603097, -1.958328751388767 ], [ 30.128615395881731, -1.958896982515107 ], [ 30.12780186286297, -1.959598139010395 ], [ 30.127433901841208, -1.959913564175982 ], [ 30.127239959582624, -1.960079814568348 ], [ 30.127158019952851, -1.960176618370669 ], [ 30.127043048774844, -1.960230707655713 ], [ 30.126932671999452, -1.960284828238624 ], [ 30.12682387251882, -1.960298967611735 ], [ 30.126492709777249, -1.960473373822514 ], [ 30.125731129761892, -1.960841919551303 ], [ 30.125387357256333, -1.961048525729634 ], [ 30.125028082477375, -1.961264460569982 ], [ 30.124103124759255, -1.961903544337935 ], [ 30.123830135564706, -1.962079825153576 ], [ 30.12354680105441, -1.962262778802954 ], [ 30.12244654101363, -1.961819350018097 ], [ 30.120922820343011, -1.961232745639266 ], [ 30.120806130109671, -1.961186406619543 ], [ 30.120595906655165, -1.961102914251679 ], [ 30.120481997719327, -1.961081760245416 ], [ 30.120311978216396, -1.961015827485952 ], [ 30.120164772424538, -1.960960457909926 ], [ 30.120072238872915, -1.960936616122618 ], [ 30.119963735482166, -1.960906869440393 ], [ 30.119855233812654, -1.96087599761827 ], [ 30.119740012342309, -1.960827798870809 ], [ 30.119644323083648, -1.960771756248325 ], [ 30.119556648741362, -1.960716933143608 ], [ 30.119448443089041, -1.960651579218429 ], [ 30.11932170608409, -1.960548089688377 ], [ 30.119216938133381, -1.960498124671638 ], [ 30.119107263738904, -1.960433848928844 ], [ 30.11861062809108, -1.960142781679364 ], [ 30.11827821348761, -1.959938112610048 ], [ 30.117636324792773, -1.959601799526908 ], [ 30.11745210198335, -1.959554036905132 ], [ 30.117276035524426, -1.959524822095298 ], [ 30.117168641858555, -1.959499683303195 ], [ 30.117036859044614, -1.959455733711954 ], [ 30.116944902945441, -1.959590643929634 ], [ 30.116838135841579, -1.959747255588945 ], [ 30.11674542935134, -1.959807796756565 ], [ 30.116637692599603, -1.959878165793491 ], [ 30.11645901734008, -1.959990717788252 ], [ 30.116311013857235, -1.960031714073406 ], [ 30.116183495932091, -1.960084991312508 ], [ 30.115659374422926, -1.960265912771791 ], [ 30.115059439307704, -1.960488252154814 ], [ 30.114578992176138, -1.960594539784531 ], [ 30.114391706445144, -1.960635973647541 ], [ 30.114285969157077, -1.960659378063073 ], [ 30.114194794979888, -1.960677064460391 ], [ 30.113472951335041, -1.960961960527345 ], [ 30.112886454548359, -1.961170224132479 ], [ 30.112390568385454, -1.961322866037095 ], [ 30.112269925036742, -1.961360003562303 ], [ 30.112112625107592, -1.961408421105919 ], [ 30.112014904398023, -1.9614594484784 ], [ 30.111919245721978, -1.961481946717671 ], [ 30.111831227322664, -1.961522536102425 ], [ 30.111734038335737, -1.961567141845824 ], [ 30.111631473711157, -1.96161098187746 ], [ 30.11149640840673, -1.96166871096946 ], [ 30.111386718178387, -1.961715597643623 ], [ 30.111286513263902, -1.961760140252709 ], [ 30.111126603163726, -1.961827978179494 ], [ 30.110983584311612, -1.961888644504319 ], [ 30.11089483214851, -1.961926297149526 ], [ 30.110806424157886, -1.961975902946475 ], [ 30.1107064376327, -1.962033851229748 ], [ 30.110596919241122, -1.962097313653671 ], [ 30.11035110171817, -1.962239785903524 ], [ 30.109846090271379, -1.962493576582126 ], [ 30.109753916532121, -1.962541961570749 ], [ 30.109595459709986, -1.962635188010317 ], [ 30.109253279927771, -1.962836545090695 ], [ 30.109012931541073, -1.963025138196615 ], [ 30.108938180527147, -1.963083804665113 ], [ 30.108161428542179, -1.963693297531972 ], [ 30.107735106258616, -1.963828426187719 ], [ 30.107648495405847, -1.963855876360227 ], [ 30.10744474132068, -1.963920465301101 ], [ 30.107042466489919, -1.963877469401236 ], [ 30.106932558308408, -1.963865720466647 ], [ 30.106841024544131, -1.963859127504098 ], [ 30.106684239447649, -1.96386756431626 ], [ 30.106553517647502, -1.963872516414622 ], [ 30.106458875272136, -1.963892468265504 ], [ 30.106345388916132, -1.963916387320352 ], [ 30.106229463809065, -1.963955244381638 ], [ 30.106115258130767, -1.963976444697353 ], [ 30.106015256116262, -1.964021472678325 ], [ 30.105927864049661, -1.964063156106512 ], [ 30.105771406509408, -1.964149023485545 ], [ 30.105695420471871, -1.964197722881287 ], [ 30.105591246941447, -1.964278324840664 ], [ 30.105501323379659, -1.964332929348497 ], [ 30.105409649050042, -1.964393127067513 ], [ 30.105265162144732, -1.96448799380124 ], [ 30.105156237171531, -1.964559534374533 ], [ 30.105032500537416, -1.964630965535134 ], [ 30.104653991966163, -1.964813121683334 ], [ 30.10453005168635, -1.96483399509736 ], [ 30.104186997570956, -1.964869695306833 ], [ 30.103805395358329, -1.965018306400266 ], [ 30.103621313162989, -1.965185697711589 ], [ 30.103491794201684, -1.965412849703271 ], [ 30.10343380875457, -1.965514527715748 ], [ 30.10334057298363, -1.965606253568904 ], [ 30.103266445232254, -1.965704370865588 ], [ 30.103201334654742, -1.965817516807247 ], [ 30.103155834132529, -1.965914758623141 ], [ 30.103090786042273, -1.966021014474057 ], [ 30.103026815425633, -1.966136473011843 ], [ 30.102969658141685, -1.966257727730493 ], [ 30.10292754774142, -1.966359592867585 ], [ 30.102865703227163, -1.966492300895879 ], [ 30.102793779250966, -1.966599634360065 ], [ 30.102750341478721, -1.966722170729179 ], [ 30.102709089773519, -1.96685737737072 ], [ 30.102665682412486, -1.966977616438705 ], [ 30.102624744871115, -1.967076045499525 ], [ 30.10247531985403, -1.967378831288551 ], [ 30.102219283186265, -1.967706614436413 ], [ 30.101864837934549, -1.968140091937287 ], [ 30.10162772381377, -1.96836874274604 ], [ 30.10130199729813, -1.968682840314351 ], [ 30.10121462048247, -1.96873008586413 ], [ 30.101080132758135, -1.968796610778773 ], [ 30.100964879773802, -1.968853637809635 ], [ 30.100847425542174, -1.968944613414783 ], [ 30.100771345340963, -1.968883368837309 ], [ 30.100709109717759, -1.968809454814575 ], [ 30.100756125680494, -1.968661108047019 ], [ 30.100882628578791, -1.968481139661505 ], [ 30.101060116987291, -1.968226412836686 ], [ 30.101291168784126, -1.967908377709546 ], [ 30.101199619429746, -1.967825682401281 ], [ 30.101081256931757, -1.967745298681549 ], [ 30.100997162098192, -1.967672118601947 ], [ 30.100902956655084, -1.967578173011092 ], [ 30.100799485803979, -1.967496774477392 ], [ 30.100711921399284, -1.96742817109862 ], [ 30.100607183900625, -1.967360551891234 ], [ 30.100481963315243, -1.96727665295234 ], [ 30.100361382677928, -1.967187052083457 ], [ 30.100261364371288, -1.967085654153888 ], [ 30.100177159896685, -1.96702687917587 ], [ 30.099851713988464, -1.966799696069742 ], [ 30.099718961512298, -1.96670340839517 ], [ 30.099561942500827, -1.966562577203864 ], [ 30.099437423506476, -1.966499207295038 ], [ 30.099302248154583, -1.966382514481223 ], [ 30.098962257495103, -1.966088993518094 ], [ 30.098609467555146, -1.965695997537232 ], [ 30.098468308407597, -1.96529209666892 ], [ 30.098437775661999, -1.965204729716384 ], [ 30.098433838210177, -1.965064117243246 ], [ 30.098428666656034, -1.964879586661565 ], [ 30.098426040793726, -1.964785891440773 ], [ 30.098426978449091, -1.964694993466075 ], [ 30.098425556617169, -1.964530726816702 ], [ 30.098424353786385, -1.964391395782938 ], [ 30.098447088893625, -1.964212333647193 ], [ 30.098146363214685, -1.964290139387095 ], [ 30.097962202446848, -1.964460171090371 ], [ 30.097861935243156, -1.964571566997642 ], [ 30.097777620634101, -1.964655809529223 ], [ 30.097774245606587, -1.964756300223532 ], [ 30.097751416827244, -1.964902600541253 ], [ 30.097752588356219, -1.965030151145112 ], [ 30.097701399803316, -1.96512389385343 ], [ 30.097564131578423, -1.965108816636654 ], [ 30.097435987822902, -1.9650995834156 ], [ 30.097302109796924, -1.965090287209226 ], [ 30.097124715564107, -1.965081741516002 ], [ 30.096984072433699, -1.965060899497033 ], [ 30.096860568492158, -1.965043650742569 ], [ 30.096742722877984, -1.965034510929493 ], [ 30.096560719204525, -1.965030511199519 ], [ 30.096433763106784, -1.965008482606237 ], [ 30.09631588471613, -1.965007731519393 ], [ 30.096046128762612, -1.96502404258102 ], [ 30.095892344276574, -1.965035995607638 ], [ 30.095469522425365, -1.965086491783122 ], [ 30.095224110205073, -1.965084537794347 ], [ 30.095117623926544, -1.965083679244559 ], [ 30.095024372353411, -1.965094725179653 ], [ 30.094896493837336, -1.965102301817209 ], [ 30.094773851389238, -1.96510647380389 ], [ 30.094637441722437, -1.965108520208906 ], [ 30.094491469203067, -1.965109771232622 ], [ 30.094253323827033, -1.965218465048126 ], [ 30.093945083093296, -1.96536779512536 ], [ 30.093452947015184, -1.96529923950651 ], [ 30.093241739266052, -1.965269553828386 ], [ 30.093118798917981, -1.965316409326785 ], [ 30.092990108124866, -1.965298488569457 ], [ 30.09286494926646, -1.965281287545155 ], [ 30.092720149558811, -1.965261398684023 ], [ 30.092613662503485, -1.965246759803633 ], [ 30.092510988229872, -1.965223448855925 ], [ 30.092388250835153, -1.965201512874664 ], [ 30.092275342431218, -1.965181343629569 ], [ 30.092103917060147, -1.965139659899186 ], [ 30.091974976286931, -1.965103507211603 ], [ 30.091838879933263, -1.96506533799025 ], [ 30.091522997130813, -1.964982329807876 ], [ 30.091131114393331, -1.964882527421218 ], [ 30.090679775057403, -1.964788613430754 ], [ 30.090287938375958, -1.964691122607348 ], [ 30.090138311001326, -1.964662093426818 ], [ 30.089922617790116, -1.964650594206208 ], [ 30.08973708267354, -1.964654579289447 ], [ 30.089582938116816, -1.964657890654394 ], [ 30.08841192886814, -1.96445825395346 ], [ 30.088291894644968, -1.964436255113417 ], [ 30.087595269171143, -1.964287128587207 ], [ 30.08679872037672, -1.963992530108988 ], [ 30.086346194054325, -1.963917458254533 ], [ 30.086168894020886, -1.963937894421374 ], [ 30.086113112163911, -1.963855151153385 ], [ 30.086033907105428, -1.963775798967979 ], [ 30.085919779343051, -1.963638968185423 ], [ 30.085856683588588, -1.963551553810457 ], [ 30.085767025536956, -1.963449062746947 ], [ 30.085590130241261, -1.963278656631092 ], [ 30.085438455438471, -1.963146184471616 ], [ 30.085015617266464, -1.9627661081483 ], [ 30.084619967943709, -1.962612309717335 ], [ 30.084406557151755, -1.962524551998141 ], [ 30.084289023179206, -1.962487664609843 ], [ 30.083982875911801, -1.962391596034906 ], [ 30.083517428425996, -1.962233937957448 ], [ 30.083129622571949, -1.962063468878708 ], [ 30.082794083390624, -1.961934652377404 ], [ 30.082489029735928, -1.961845550429986 ], [ 30.082121662959615, -1.961729936694754 ], [ 30.081917235795181, -1.961632225651681 ], [ 30.081674918189417, -1.961465022248746 ], [ 30.081438288028465, -1.961295428072751 ], [ 30.081194438592135, -1.961106398521913 ], [ 30.080905401442084, -1.960888246083182 ], [ 30.080672364499758, -1.960663391627999 ], [ 30.080435264625027, -1.96040411764505 ], [ 30.080147743169928, -1.960013464972166 ], [ 30.079824188442142, -1.959529133011221 ], [ 30.079515525841369, -1.959108936513528 ], [ 30.079263707059987, -1.958728704823624 ], [ 30.079165454652905, -1.958618120774661 ], [ 30.078989873777818, -1.958369299963042 ], [ 30.078775774273826, -1.957953274659644 ], [ 30.078494439766747, -1.957460177199425 ], [ 30.078348186313033, -1.957148158398281 ], [ 30.078324935627435, -1.957051588812874 ], [ 30.078269497697107, -1.956889587507887 ], [ 30.078187760868804, -1.956650781667767 ], [ 30.078126993960169, -1.956504325362243 ], [ 30.078060007593422, -1.956206430297553 ], [ 30.078014412005079, -1.955907347591688 ], [ 30.077804314824558, -1.955349053095467 ], [ 30.077703561888654, -1.955120760512968 ], [ 30.077655326890238, -1.955011442969814 ], [ 30.077493088683042, -1.954806773808638 ], [ 30.077164049716426, -1.954718296901155 ], [ 30.076855574155996, -1.954640616287554 ], [ 30.076807713623868, -1.954422401285875 ], [ 30.076685273135045, -1.95387009184057 ], [ 30.076612803215216, -1.953342982547829 ], [ 30.076535519797805, -1.952720569008463 ], [ 30.076399562996698, -1.952220332863679 ], [ 30.076183370871139, -1.951633525636234 ], [ 30.075987428550594, -1.951118665432403 ], [ 30.075765673078266, -1.950667674005298 ], [ 30.075506323183873, -1.950139440708883 ], [ 30.075290427721924, -1.949822828298079 ], [ 30.075100252566759, -1.949573663053639 ], [ 30.075011327922464, -1.949457173152447 ], [ 30.07483277717041, -1.948992480858866 ], [ 30.074776541008699, -1.94842932751652 ], [ 30.074664366470127, -1.947918154420897 ], [ 30.074622758668909, -1.947562298235703 ], [ 30.074572890254803, -1.946889235986412 ], [ 30.074565488376496, -1.94674210331906 ], [ 30.074552476266859, -1.946613711981843 ], [ 30.074518878073263, -1.94628219052641 ], [ 30.074391313024705, -1.945967999762919 ], [ 30.074326920643117, -1.945534617035606 ], [ 30.074290434954381, -1.94532088566802 ], [ 30.074227324562923, -1.944930373743195 ], [ 30.073976474565168, -1.944549079195981 ], [ 30.073561777919508, -1.944084448652956 ], [ 30.073186034361239, -1.943662548788136 ], [ 30.072905216399715, -1.943275099686591 ], [ 30.072665366926461, -1.942997124141024 ], [ 30.072498644499106, -1.942803907627013 ], [ 30.072404924111922, -1.942695308175761 ], [ 30.072078104148272, -1.942302093230711 ], [ 30.071766455828737, -1.941962545748511 ], [ 30.071389306872632, -1.941616560406078 ], [ 30.070993813891356, -1.941271029780004 ], [ 30.070455520839321, -1.940814054337876 ], [ 30.070024416602411, -1.940508488029769 ], [ 30.069570015602306, -1.940232246608532 ], [ 30.069013113417331, -1.939807909384107 ], [ 30.068661370232707, -1.939451441587345 ], [ 30.068550149114966, -1.939338718328266 ], [ 30.068337817012683, -1.939112847189004 ], [ 30.067758240113065, -1.938569504863317 ], [ 30.06721547853083, -1.938159760618666 ], [ 30.066784266499738, -1.93789329999272 ], [ 30.066676888395229, -1.937824650243453 ], [ 30.06643442965628, -1.937669663508594 ], [ 30.0661687517985, -1.937463510259704 ], [ 30.065655444152821, -1.937084091401955 ], [ 30.065022945176967, -1.936705313714097 ], [ 30.064512793032449, -1.936487926400898 ], [ 30.064009703137767, -1.936277273187278 ], [ 30.063613242088255, -1.935981205965787 ], [ 30.06330056240407, -1.935775053108599 ], [ 30.062910772423702, -1.935600693547869 ], [ 30.062567389516875, -1.935490734369668 ], [ 30.06207634816888, -1.935301625896639 ], [ 30.061611572182056, -1.935109566004503 ], [ 30.061381613389177, -1.934996810396549 ], [ 30.060916962671342, -1.934809343094878 ], [ 30.060715301713323, -1.934745754935013 ], [ 30.060555141377883, -1.934695243594609 ], [ 30.060053630626641, -1.934500635841816 ], [ 30.059778921362163, -1.934386677779379 ], [ 30.059443179411304, -1.934089125893128 ], [ 30.059194845892517, -1.933785731748203 ], [ 30.058872588896694, -1.933883581802975 ], [ 30.058307810493694, -1.933982573469861 ], [ 30.057777720585452, -1.934093361396362 ], [ 30.057199458131848, -1.934159355235905 ], [ 30.056552036894622, -1.934254628216568 ], [ 30.056041385189211, -1.934320107476134 ], [ 30.055561046728663, -1.934361838367346 ], [ 30.05496328263234, -1.934470844071659 ], [ 30.054665917910459, -1.934539103467711 ], [ 30.054555118285119, -1.93455375822668 ], [ 30.054206719700161, -1.934599863805606 ], [ 30.053814523464531, -1.934593426736312 ], [ 30.053393545222232, -1.934625643027112 ], [ 30.05275148424678, -1.934706995821646 ], [ 30.051946045334677, -1.934808471980945 ], [ 30.051591396278255, -1.934878152588319 ], [ 30.051079744326923, -1.934905697786784 ], [ 30.05071079847491, -1.935112944464019 ], [ 30.0504248233323, -1.935202874284652 ], [ 30.050243304107127, -1.935365234668188 ], [ 30.049940750526822, -1.935588480716827 ], [ 30.04955752261812, -1.935771136500762 ], [ 30.049295314813495, -1.93605526786716 ], [ 30.049033105803275, -1.936237923609192 ], [ 30.048791068963087, -1.936440889943798 ], [ 30.048638550099955, -1.936535334227376 ], [ 30.048528860160246, -1.936603250673257 ], [ 30.048286823281337, -1.936745315848726 ], [ 30.048044771080015, -1.936887381895072 ], [ 30.047815922382199, -1.937007386207106 ], [ 30.047606152293827, -1.937323045833969 ], [ 30.047351802869859, -1.937629768922134 ], [ 30.047206956892378, -1.937819126670358 ], [ 30.047079640901643, -1.937985581453072 ], [ 30.046791540970492, -1.938273211574724 ], [ 30.046433313963213, -1.938467148070475 ], [ 30.045992694804433, -1.93862286833781 ], [ 30.045655452667074, -1.938743857553148 ], [ 30.045125910373297, -1.938917874301139 ], [ 30.044899733561937, -1.939033816272338 ], [ 30.044799637564527, -1.939106419080863 ], [ 30.044699619747192, -1.939246891752955 ], [ 30.044471895970098, -1.939196131050159 ], [ 30.044214108947347, -1.939287560477762 ], [ 30.043823818952028, -1.939309823756815 ], [ 30.043706738449195, -1.939299996342913 ], [ 30.043580266949213, -1.939289388624353 ], [ 30.043140741558314, -1.93931401091881 ], [ 30.042956612297441, -1.939502510091893 ], [ 30.04274656172705, -1.939793968790601 ], [ 30.042650511651026, -1.939975702219097 ], [ 30.042537400404097, -1.940204994729288 ], [ 30.042450585806623, -1.94038879096164 ], [ 30.042339911799218, -1.940667453664408 ], [ 30.042229878199027, -1.940926554915126 ], [ 30.042131266174017, -1.941184234982603 ], [ 30.042024311858999, -1.941429479979941 ], [ 30.04193162275973, -1.941651366308159 ], [ 30.041751633913904, -1.94203865957727 ], [ 30.041625646825107, -1.942215378520028 ], [ 30.041388484845186, -1.942306307757709 ], [ 30.041116463730948, -1.942249766460222 ], [ 30.040843660634778, -1.942120824878414 ], [ 30.040587232171614, -1.941987977443872 ], [ 30.04043104182006, -1.941958620976978 ], [ 30.039914249043893, -1.941861519899527 ], [ 30.039384096775663, -1.941888080707273 ], [ 30.039087918324299, -1.941990180952939 ], [ 30.037587135279061, -1.942058566234552 ], [ 30.037120921324163, -1.942176601805524 ], [ 30.036820978260199, -1.942248690301345 ], [ 30.03654750283717, -1.942275546658772 ], [ 30.036186369894086, -1.942240144380503 ], [ 30.035901051500627, -1.942280452762509 ], [ 30.035633389217281, -1.942429329913082 ], [ 30.035533902107584, -1.942546132604556 ], [ 30.035296241129405, -1.942521087986499 ], [ 30.034852855963987, -1.942559272240476 ], [ 30.034540083374566, -1.942764379768432 ], [ 30.034156621569089, -1.942790439367969 ], [ 30.033920600663876, -1.943058994148549 ], [ 30.033860505509015, -1.942890243206314 ], [ 30.033954100797331, -1.942570928195726 ], [ 30.034121339440425, -1.942407739537399 ], [ 30.034022055150814, -1.942018632977605 ], [ 30.034101682880266, -1.941873677982286 ], [ 30.034498785189395, -1.941519161917133 ], [ 30.034436970756488, -1.941101215337401 ], [ 30.03468666401815, -1.941105902487361 ], [ 30.034744790301346, -1.940909763308343 ], [ 30.034746602272946, -1.940677548616409 ], [ 30.034744930033433, -1.940488941116452 ], [ 30.034633599342733, -1.940453631901622 ], [ 30.034388828276413, -1.94003006068346 ], [ 30.034335452202715, -1.939842109058381 ], [ 30.034308764257929, -1.939707854045171 ], [ 30.034227105945146, -1.939582115541108 ], [ 30.034094869448897, -1.939378462459294 ], [ 30.034036711353256, -1.939243459193819 ], [ 30.033761408227736, -1.938920721932049 ], [ 30.033751782521943, -1.938688196332143 ], [ 30.033582528870806, -1.93826034360938 ], [ 30.033529949874016, -1.938005913098023 ], [ 30.033323616690165, -1.937792979057805 ], [ 30.032881106900859, -1.938180928709138 ], [ 30.032582319344645, -1.93829445015126 ], [ 30.032243733500358, -1.938521836150286 ], [ 30.031994056311344, -1.938682712613333 ], [ 30.03172066017504, -1.938790046083206 ], [ 30.031714191442298, -1.939024417079275 ], [ 30.031644314181644, -1.93931451510816 ], [ 30.031732316734679, -1.939530824278376 ], [ 30.032057292183673, -1.93996303638549 ], [ 30.031922196118842, -1.940124834094091 ], [ 30.031375370898775, -1.940091133745852 ], [ 30.030898954064202, -1.939997330361709 ], [ 30.030387989318772, -1.939909447991797 ], [ 30.03015668803878, -1.939902979914357 ], [ 30.030072467025473, -1.939614161788755 ], [ 30.030026873018162, -1.939457831238511 ], [ 30.030018607105891, -1.938926395008322 ], [ 30.030305785327524, -1.93855336508195 ], [ 30.030412536222865, -1.938258000732735 ], [ 30.030173469420266, -1.938047691604272 ], [ 30.030134780573185, -1.937871848338194 ], [ 30.029997011003477, -1.937465572120633 ], [ 30.029886837027945, -1.936889889309113 ], [ 30.029769599283828, -1.936561871093129 ], [ 30.029667676242941, -1.936276677373705 ], [ 30.029536517165266, -1.935797002205432 ], [ 30.029463123536882, -1.935383320072896 ], [ 30.028943393794584, -1.935281391290367 ], [ 30.028637840396897, -1.935291046983011 ], [ 30.028662043872213, -1.934928595688909 ], [ 30.028624855439087, -1.934532021462289 ], [ 30.028968721180672, -1.93419670723536 ], [ 30.029343464106194, -1.934154304691091 ], [ 30.029590610501611, -1.934099980949235 ], [ 30.029772692861023, -1.934059968520007 ], [ 30.030085965755763, -1.933991116270767 ], [ 30.030361611052278, -1.933469927762079 ], [ 30.030255469096421, -1.933212372308925 ], [ 30.030129606872705, -1.932906930218475 ], [ 30.030387346208421, -1.932619799976637 ], [ 30.030598678585203, -1.932103705536581 ], [ 30.030600429201424, -1.931826526111043 ], [ 30.030602740896338, -1.931457653586557 ], [ 30.030712134204276, -1.931066985503092 ], [ 30.03076602591587, -1.930874517673381 ], [ 30.030846808631601, -1.930586043847426 ], [ 30.031025203878876, -1.930184016404459 ], [ 30.031262380292791, -1.929811221472824 ], [ 30.030895169315738, -1.929497405954359 ], [ 30.030632585214551, -1.929322203487251 ], [ 30.030420314714888, -1.929180575048522 ], [ 30.030011789650821, -1.929201338557654 ], [ 30.029603468138717, -1.928881773893981 ], [ 30.029384807053795, -1.928666402951809 ], [ 30.02891878159404, -1.928694759142329 ], [ 30.028597367689226, -1.928464999152737 ], [ 30.028279329535028, -1.92819625726904 ], [ 30.02809555955432, -1.927630026080737 ], [ 30.028330813845155, -1.927115041255105 ], [ 30.028063949171479, -1.926739137474295 ], [ 30.027744910364888, -1.926435023377799 ], [ 30.027503529380493, -1.92652434442096 ], [ 30.027236665130225, -1.926497502861268 ], [ 30.026969815378862, -1.926363248829517 ], [ 30.026596697427721, -1.926631474672721 ], [ 30.02622253268461, -1.926348204189915 ], [ 30.026082592416373, -1.926242260936923 ], [ 30.025772194887296, -1.926092430049185 ], [ 30.025546548101367, -1.925983517840022 ], [ 30.025105538769417, -1.925686029258611 ], [ 30.024627965802765, -1.925468001509484 ], [ 30.024375288935016, -1.92548300093655 ], [ 30.024127516506805, -1.925497701787823 ], [ 30.023832119658874, -1.925238788278149 ], [ 30.023835369799826, -1.924698367840576 ], [ 30.023500034073745, -1.924399347915979 ], [ 30.023419438268753, -1.923831398090418 ], [ 30.023250824371559, -1.923546142428416 ], [ 30.023067024183671, -1.923313335083534 ], [ 30.022746032641248, -1.923142896790228 ], [ 30.022573496836717, -1.923051281060629 ], [ 30.022303537640841, -1.922907950166641 ], [ 30.022066283208538, -1.922535686321923 ], [ 30.021982858954523, -1.922236712532748 ], [ 30.02187501300957, -1.92199223395267 ], [ 30.02201329687448, -1.921676168620372 ], [ 30.022094845139769, -1.921489763203065 ], [ 30.022188097710988, -1.921276625715029 ], [ 30.022295115178171, -1.920921531955291 ], [ 30.022379836185284, -1.920640417036529 ], [ 30.022346849830086, -1.920357801374041 ], [ 30.022314943192384, -1.920084403846599 ], [ 30.022235894814454, -1.919709656114639 ], [ 30.022224409704453, -1.919378201691792 ], [ 30.022148673542425, -1.919049542855094 ], [ 30.021932684067693, -1.918737664273783 ], [ 30.021541222591967, -1.918471454462999 ], [ 30.021123400696652, -1.918413787468923 ], [ 30.020738502009788, -1.918643798281986 ], [ 30.020578388358249, -1.918670639771098 ], [ 30.020157816531093, -1.918522449822042 ], [ 30.019767183258278, -1.918725370407575 ], [ 30.019386596636924, -1.918979175128766 ], [ 30.018996869824317, -1.919232731143651 ], [ 30.018549171805113, -1.919427166540447 ], [ 30.018145599911559, -1.919434276252432 ], [ 30.017945737245661, -1.919617244023577 ], [ 30.017608119847161, -1.919975727092148 ], [ 30.017288723306045, -1.920171461423132 ], [ 30.016964184332586, -1.92030494880497 ], [ 30.016447594435512, -1.920587143089873 ], [ 30.016213605274572, -1.920665949135409 ], [ 30.015943286888529, -1.92075700264332 ], [ 30.01559516912042, -1.920664479767009 ], [ 30.015376070351454, -1.920547974172805 ], [ 30.014990108514311, -1.920332509666994 ], [ 30.014855965604699, -1.920542616317564 ], [ 30.014682445280283, -1.920767721787244 ], [ 30.01429199976748, -1.920880976689152 ], [ 30.014193200764709, -1.920535805145603 ], [ 30.014195591860833, -1.920427407734119 ], [ 30.014199997550943, -1.920227628326036 ], [ 30.014269154475222, -1.919631666845546 ], [ 30.014248701715594, -1.919312319392772 ], [ 30.014224294168027, -1.918931353621685 ], [ 30.014197309265512, -1.918634677156712 ], [ 30.014169776889329, -1.918331938168332 ], [ 30.014127807445483, -1.918058602958725 ], [ 30.014076524860887, -1.917724539451882 ], [ 30.014241169719423, -1.917239332459243 ], [ 30.014349827504649, -1.917017867081286 ], [ 30.014454861839209, -1.916803792890014 ], [ 30.014834416567286, -1.916421186585408 ], [ 30.015261425966351, -1.916228468993508 ], [ 30.015523400646138, -1.916203611442476 ], [ 30.015753030749401, -1.916157834228329 ], [ 30.015947488575819, -1.916119072225143 ], [ 30.016139116647736, -1.916080871889934 ], [ 30.016484390536046, -1.916012034531679 ], [ 30.017128358594185, -1.916033672563652 ], [ 30.017448380766822, -1.916088605591632 ], [ 30.017655822182245, -1.916124227015112 ], [ 30.017951297961975, -1.916174940944553 ], [ 30.018275289703173, -1.916310491900642 ], [ 30.018517732516969, -1.916328771828147 ], [ 30.018842146616368, -1.916117086334959 ], [ 30.019024353077622, -1.915659970897779 ], [ 30.019208904658573, -1.915200620517924 ], [ 30.019157856045958, -1.914808266277405 ], [ 30.019282561371892, -1.914524306546094 ], [ 30.019721227552296, -1.914242238024193 ], [ 30.019424549527521, -1.914129872595109 ], [ 30.019400110704776, -1.913939780149431 ], [ 30.019465502405257, -1.913708472713973 ], [ 30.019071509462616, -1.913534191508963 ], [ 30.018843739237873, -1.913461651744473 ], [ 30.018548967276388, -1.913367801129861 ], [ 30.018193145840012, -1.91313938346393 ], [ 30.01807326854799, -1.912832488655606 ], [ 30.018028548515925, -1.91252381308773 ], [ 30.017536116320969, -1.912441336018957 ], [ 30.017349314328683, -1.912333939945361 ], [ 30.016735534679682, -1.912414495467342 ], [ 30.016495374407764, -1.912360797005152 ], [ 30.01630855681459, -1.912307098904485 ], [ 30.016201821039576, -1.912199701937275 ], [ 30.016015019500625, -1.912226543247591 ], [ 30.015748154442324, -1.91214600447853 ], [ 30.015774841380658, -1.911689544708537 ], [ 30.015521320540202, -1.911300204915855 ], [ 30.015216470372422, -1.911278409515634 ], [ 30.015040966164598, -1.910978014352816 ], [ 30.01482747632501, -1.910897458685669 ], [ 30.014640675565143, -1.910790062310871 ], [ 30.014400513560567, -1.91070950772273 ], [ 30.014133648569747, -1.910709507238682 ], [ 30.013946846941263, -1.910709507869883 ], [ 30.01370667123566, -1.910709508005409 ], [ 30.01349318101051, -1.910682666539791 ], [ 30.013226331536348, -1.910360461097728 ], [ 30.013146267169081, -1.91022620699532 ], [ 30.013039530819604, -1.910118810729745 ], [ 30.012906089926908, -1.910011398379109 ], [ 30.012799353208251, -1.909850303103789 ], [ 30.012532487375626, -1.909716050360433 ], [ 30.012318998323369, -1.909581795382087 ], [ 30.011918709027594, -1.909232749328212 ], [ 30.011625170637831, -1.909152193813014 ], [ 30.011518417911144, -1.90899108398388 ], [ 30.011438369376272, -1.908910544168733 ], [ 30.011304929377449, -1.908910544151936 ], [ 30.011064766887685, -1.908829988185899 ], [ 30.010717837742909, -1.908642036676646 ], [ 30.010611101160624, -1.908749448900041 ], [ 30.010450988834979, -1.908722592248538 ], [ 30.010184122506921, -1.908749448783481 ], [ 30.009970633474595, -1.90872259240406 ], [ 30.009757144448837, -1.908695750469161 ], [ 30.00962372019498, -1.908776290674267 ], [ 30.009436918772302, -1.908776307091239 ], [ 30.00917006935623, -1.908776306734503 ], [ 30.008889360156815, -1.908672253072345 ], [ 30.008663026478757, -1.908588354753822 ], [ 30.008373769795579, -1.908319050828203 ], [ 30.008075935882097, -1.908239292446847 ], [ 30.007702333452464, -1.908105039444264 ], [ 30.007488843375505, -1.907809690485747 ], [ 30.007328731741886, -1.90770227781059 ], [ 30.007168617764918, -1.90767543713084 ], [ 30.006981816134999, -1.907594881268482 ], [ 30.006768327877172, -1.907487485037514 ], [ 30.00642141344866, -1.907192120185248 ], [ 30.006127875890765, -1.906923628989657 ], [ 30.00586100994208, -1.906735661727295 ], [ 30.005700897609525, -1.906628264273405 ], [ 30.00556745645433, -1.906494010887925 ], [ 30.005407344162265, -1.906386614310616 ], [ 30.005140494053826, -1.90633291613517 ], [ 30.005031648027902, -1.906295623277097 ], [ 30.004864190731187, -1.906134574703804 ], [ 30.004662405850308, -1.906138121613192 ], [ 30.004480808089554, -1.906003524581406 ], [ 30.004051110615084, -1.905865770700569 ], [ 30.004056501754565, -1.905670460163703 ], [ 30.004094564726227, -1.90528749428739 ], [ 30.004066923016104, -1.905042969091852 ], [ 30.003966076997209, -1.904876874342536 ], [ 30.004004734478116, -1.904638802239975 ], [ 30.003729166072723, -1.904076898895577 ], [ 30.003290092182045, -1.904124411452149 ], [ 30.003060993913433, -1.903789159433546 ], [ 30.002889224389833, -1.903784347153779 ], [ 30.002780113238579, -1.903086831047434 ], [ 30.002508840725564, -1.903366681833018 ], [ 30.002337134053537, -1.903276798748697 ], [ 30.002405604443428, -1.902954484363331 ], [ 30.002282367144371, -1.902769359915603 ], [ 30.001889218032481, -1.902647979597972 ], [ 30.001950171741992, -1.902182881537418 ], [ 30.001614663651321, -1.902049314531208 ], [ 30.001484536350613, -1.901741467029768 ], [ 30.001577850604356, -1.901482365559536 ], [ 30.00146167614842, -1.901319895704703 ], [ 30.001110934620833, -1.901123898050742 ], [ 30.000977493284825, -1.900882247199976 ], [ 30.000870756465922, -1.900774834783682 ], [ 30.000710643172251, -1.900613739662241 ], [ 30.000630579257709, -1.900291533926595 ], [ 30.00047046600902, -1.900049868572409 ], [ 30.000363729238856, -1.899781377206884 ], [ 30.000176927850337, -1.899459155186127 ], [ 30.000123552310775, -1.899324902258657 ], [ 30.000016815639455, -1.899136950328328 ], [ 29.999643213132472, -1.898814743614463 ], [ 29.99948310010906, -1.898734188738769 ], [ 29.99916287404211, -1.898707347251388 ], [ 29.998976073748032, -1.898626792315164 ], [ 29.998815959983538, -1.898385142177831 ], [ 29.998655847203864, -1.898089777646334 ], [ 29.998415669740663, -1.897982381244678 ], [ 29.998187086551397, -1.897589213002507 ], [ 29.998128429281515, -1.897488331495047 ], [ 29.997988707212855, -1.897203716308464 ], [ 29.997900517249366, -1.896720071530242 ], [ 29.997678247147732, -1.896422613928108 ], [ 29.997535040389536, -1.896022290601854 ], [ 29.997374926327176, -1.895673227843496 ], [ 29.997438756522996, -1.89523278340765 ], [ 29.99716145341181, -1.895136213038619 ], [ 29.996601050622164, -1.894787150403139 ], [ 29.996436296299368, -1.894670145896774 ], [ 29.996225963688886, -1.894520752920955 ], [ 29.996147399648724, -1.894464945468966 ], [ 29.995799688578789, -1.894224419746432 ], [ 29.995720421628892, -1.894169597219183 ], [ 29.995373507268145, -1.893525169365674 ], [ 29.995381365934605, -1.892978999160949 ], [ 29.995106656835318, -1.89247799731219 ], [ 29.995048858829879, -1.892210459023506 ], [ 29.994973231559513, -1.891860427602746 ], [ 29.994973231868656, -1.891753031398254 ], [ 29.994973231770913, -1.891162317902133 ], [ 29.995158829168428, -1.890627912373856 ], [ 29.995272737803973, -1.890204606556729 ], [ 29.995264159181296, -1.890059681981124 ], [ 29.995240096744723, -1.889739241596202 ], [ 29.995106671099581, -1.889631829640492 ], [ 29.994759756991378, -1.889578131423491 ], [ 29.994546268186269, -1.889443877815599 ], [ 29.994386155236519, -1.889121671495486 ], [ 29.994294121882888, -1.888986980492569 ], [ 29.994092616834539, -1.888692053124684 ], [ 29.994037849934291, -1.88849227439085 ], [ 29.993879143027719, -1.887913388716567 ], [ 29.994070038156998, -1.887470287538132 ], [ 29.994223838620318, -1.887058418682383 ], [ 29.994226056800702, -1.886597708102891 ], [ 29.994466218516571, -1.886275503070198 ], [ 29.994226056139919, -1.885980155016159 ], [ 29.99409263147696, -1.885684790111131 ], [ 29.993638980509846, -1.885147775786549 ], [ 29.993898689065382, -1.884392717363174 ], [ 29.993665668402731, -1.884181158412936 ], [ 29.99345217944326, -1.883805239214626 ], [ 29.993338817018351, -1.883596116351698 ], [ 29.993292066205708, -1.883509890420529 ], [ 29.993436912998121, -1.882773862138326 ], [ 29.993334269276009, -1.882247580313052 ], [ 29.993533648902673, -1.881698426087576 ], [ 29.993573337030103, -1.881565531760353 ], [ 29.993452193657223, -1.88095908573767 ], [ 29.993265392393557, -1.880287817507599 ], [ 29.993425504351208, -1.879885057429046 ], [ 29.993407786839633, -1.879772067118686 ], [ 29.993345456918423, -1.879374899305779 ], [ 29.993364237855694, -1.879235958650146 ], [ 29.993372144243114, -1.879052693564022 ], [ 29.99358563326237, -1.878757328983339 ], [ 29.993650556520212, -1.878651198327201 ], [ 29.993903577912185, -1.878237577895685 ], [ 29.993719057964068, -1.877361093576236 ], [ 29.993709666110291, -1.87694477151011 ], [ 29.993545616141169, -1.876703261909579 ], [ 29.993412190505065, -1.875924596732994 ], [ 29.993278765656751, -1.875441280653942 ], [ 29.993213967994112, -1.874936934555256 ], [ 29.993172028967471, -1.874662615551267 ], [ 29.993138481228534, -1.874566968002049 ], [ 29.993011915445106, -1.874206156989229 ], [ 29.993025962742827, -1.874090713021738 ], [ 29.993116573923484, -1.873346654757237 ], [ 29.992718378027536, -1.873132127497039 ], [ 29.992291415033339, -1.872568255218489 ], [ 29.992111879898722, -1.872489715576001 ], [ 29.991756652389576, -1.872334307677703 ], [ 29.991644728585186, -1.872236269263264 ], [ 29.991357440598208, -1.871682179045498 ], [ 29.991274048321117, -1.871570297232866 ], [ 29.991164420580333, -1.871423233074062 ], [ 29.991037214455442, -1.871252576233754 ], [ 29.991018948463392, -1.871041657441924 ], [ 29.990967930984073, -1.870452194401411 ], [ 29.990677268228723, -1.870063213245459 ], [ 29.990489155676826, -1.869599864180599 ], [ 29.98986115655352, -1.86942876941093 ], [ 29.989542853104279, -1.869131359872579 ], [ 29.989461631706956, -1.868743191044725 ], [ 29.989479272773835, -1.868651214891801 ], [ 29.98943775613127, -1.868362865951899 ], [ 29.989396083374331, -1.868178163390687 ], [ 29.989422771337544, -1.867990210649185 ], [ 29.989531586122911, -1.867683551113124 ], [ 29.98942894217431, -1.867082916832904 ], [ 29.98924082943374, -1.866608130847647 ], [ 29.988995823771734, -1.866325468714759 ], [ 29.988995823180229, -1.865842167569887 ], [ 29.989289361007998, -1.865385708710831 ], [ 29.98936258133655, -1.865318901937346 ], [ 29.989736386322484, -1.86497780702456 ], [ 29.990015516837552, -1.864319959432048 ], [ 29.990116613361941, -1.864043171985399 ], [ 29.990031220277004, -1.863672610977017 ], [ 29.990036564441585, -1.863452458758762 ], [ 29.990305975689513, -1.863170139725048 ], [ 29.990254616282261, -1.862563787810481 ], [ 29.99039697812972, -1.861820135072432 ], [ 29.990619139189498, -1.861282417040481 ], [ 29.990890504393143, -1.86060630566886 ], [ 29.991109040065282, -1.860052510942216 ], [ 29.991229589653901, -1.859771894071506 ], [ 29.991359685368032, -1.859469030473208 ], [ 29.991450890100563, -1.859022117580432 ], [ 29.991895197655573, -1.858450792867575 ], [ 29.991895134892442, -1.858021753270283 ], [ 29.991990714636856, -1.857685408514706 ], [ 29.992082982840337, -1.857360733860725 ], [ 29.992276783767448, -1.856934881499334 ], [ 29.992373582242116, -1.856391429343708 ], [ 29.992481803057544, -1.855962404673473 ], [ 29.992527319822621, -1.855413250627634 ], [ 29.992367721906202, -1.855058579668428 ], [ 29.992219500587897, -1.854612400070098 ], [ 29.991985807448508, -1.85414333295266 ], [ 29.992104700389767, -1.85374597767419 ], [ 29.992184764055978, -1.853289518188021 ], [ 29.99207676169911, -1.852518743249103 ], [ 29.991957946488469, -1.852040957728924 ], [ 29.991974055901544, -1.851477632609417 ], [ 29.991651063981571, -1.850819253598408 ], [ 29.991517654697116, -1.850201684250502 ], [ 29.991530998989113, -1.849704947466131 ], [ 29.991398229744725, -1.849103672684486 ], [ 29.991361854330947, -1.848719518932409 ], [ 29.991472683981474, -1.848364488295662 ], [ 29.991350713287698, -1.848069560876681 ], [ 29.991277492239643, -1.847892529713068 ], [ 29.99119509960326, -1.847804600438477 ], [ 29.991431386667102, -1.847540436038272 ], [ 29.991588905137988, -1.847408354466051 ], [ 29.991588905233066, -1.847197014236803 ], [ 29.991483887642218, -1.847012093406863 ], [ 29.992455377848184, -1.847063447094244 ], [ 29.992656584242646, -1.847074086993058 ], [ 29.992857840040834, -1.847093881716924 ], [ 29.993050437319713, -1.847041167493222 ], [ 29.993246410683376, -1.847003249166812 ], [ 29.993465399301023, -1.847041417800708 ], [ 29.993651904049688, -1.846981063595549 ], [ 29.993839314846696, -1.846920428089684 ], [ 29.993948910463018, -1.846884962251601 ], [ 29.994315856485748, -1.846929958977399 ], [ 29.995213532225769, -1.846080128198887 ], [ 29.995827280368179, -1.845006097497933 ], [ 29.996147504814214, -1.844576495990599 ], [ 29.99652468536075, -1.843472218766385 ], [ 29.997241591677721, -1.842643261273413 ], [ 29.997962076316448, -1.842079388894151 ], [ 29.999029474263004, -1.84164978574271 ], [ 29.999723271482445, -1.841247025114711 ], [ 30.001644579210065, -1.840575755646199 ], [ 30.00249850413412, -1.840387802587699 ], [ 30.003299037013694, -1.840119295233544 ], [ 30.004152963033476, -1.839797090163716 ], [ 30.005346004665299, -1.839219062564493 ], [ 30.006868741136788, -1.838664299002498 ], [ 30.006974836969363, -1.838464112926782 ], [ 30.007078761137702, -1.838268052956511 ], [ 30.007262546637556, -1.838056711962482 ], [ 30.007562287331293, -1.838256303053981 ], [ 30.007729870611641, -1.838433052775545 ], [ 30.008227662895376, -1.838654580328121 ], [ 30.008396307155881, -1.838685436678133 ], [ 30.008687625201794, -1.838592867474172 ], [ 30.009408234568578, -1.838299752175261 ], [ 30.010190190164877, -1.838299736100623 ], [ 30.011265869554986, -1.83830056440734 ], [ 30.012306033785066, -1.838284299097717 ], [ 30.013133974491122, -1.838176308099795 ], [ 30.013476371989007, -1.83796513984479 ], [ 30.013609281061054, -1.83788317842609 ], [ 30.013869927309226, -1.837512914249135 ], [ 30.013992571156731, -1.837296916926745 ], [ 30.014115229063449, -1.837158071037261 ], [ 30.014268561827922, -1.837050080224022 ], [ 30.014651867006499, -1.836818663478588 ], [ 30.014789853926061, -1.836664395629396 ], [ 30.014989170806331, -1.836463834759866 ], [ 30.015127158568529, -1.836309552413116 ], [ 30.015175471585703, -1.836202608861825 ], [ 30.015242144438645, -1.836054996531985 ], [ 30.015587324644752, -1.836314269668152 ], [ 30.015786437730288, -1.836463818810829 ], [ 30.015793876037524, -1.836897249541585 ], [ 30.015801782902919, -1.837358614221308 ], [ 30.015893769527906, -1.837512898193227 ], [ 30.016001100194035, -1.837713458234046 ], [ 30.016240683507963, -1.838014212998582 ], [ 30.016537643791601, -1.838473890008384 ], [ 30.016948808489069, -1.838634781548678 ], [ 30.017200080263919, -1.838772691557242 ], [ 30.017474195815922, -1.839186404448596 ], [ 30.017611261513391, -1.839692077762656 ], [ 30.017862532832261, -1.839944899016476 ], [ 30.01832677726712, -1.840142741020593 ], [ 30.018342950003266, -1.840440698507192 ], [ 30.018502641599774, -1.840791573899458 ], [ 30.018545595536722, -1.841645295130673 ], [ 30.018479313099331, -1.841990530003456 ], [ 30.018899322513438, -1.84238744728685 ], [ 30.018898056157141, -1.842742509235828 ], [ 30.018983136407076, -1.843064043184893 ], [ 30.019096077801073, -1.843622430700262 ], [ 30.019415881730854, -1.843829287705683 ], [ 30.019733044467745, -1.84391877957131 ], [ 30.019794750111846, -1.844343164224167 ], [ 30.019735997802066, -1.844703412925333 ], [ 30.019832891106436, -1.844933408165939 ], [ 30.019804218853782, -1.84516238730421 ], [ 30.020032645490488, -1.845323279231008 ], [ 30.020141225454136, -1.845509043979642 ], [ 30.020203539688239, -1.845765364525044 ], [ 30.020339059087334, -1.846215152506811 ], [ 30.020423294550064, -1.846512141403257 ], [ 30.020306777054785, -1.847001145630885 ], [ 30.020535204549876, -1.847368893439065 ], [ 30.020603737349806, -1.84755278369249 ], [ 30.020414639051829, -1.847825369157013 ], [ 30.020295370591896, -1.848046943700546 ], [ 30.020352482226421, -1.848219334006473 ], [ 30.020512376679662, -1.848449172904781 ], [ 30.020889290648611, -1.848828419918032 ], [ 30.020820757827547, -1.849035276676343 ], [ 30.020660863204071, -1.849265131059802 ], [ 30.020371311400201, -1.849371747422568 ], [ 30.020318231480136, -1.849701842585675 ], [ 30.020523813955904, -1.849862733792322 ], [ 30.020840149210301, -1.849888029369969 ], [ 30.021037778483137, -1.850196001428361 ], [ 30.021106311634149, -1.850471820896834 ], [ 30.021236674285738, -1.851028864898711 ], [ 30.02129758239024, -1.851682322328628 ], [ 30.021334770964391, -1.852172668745143 ], [ 30.021608886638241, -1.852494452565608 ], [ 30.022088584338253, -1.852747273956815 ], [ 30.022276604889157, -1.852886011560621 ], [ 30.022431232964621, -1.853000110532827 ], [ 30.022627456232708, -1.853104023037143 ], [ 30.022865242750751, -1.853229949301531 ], [ 30.023047996612558, -1.853344860953661 ], [ 30.023322112166912, -1.853482770646364 ], [ 30.023733278529537, -1.853666644428578 ], [ 30.024144458494362, -1.853919465266761 ], [ 30.024509951463735, -1.854425123924493 ], [ 30.024715533816952, -1.8547698893732 ], [ 30.024828974023023, -1.854945999629363 ], [ 30.024931132251563, -1.85510460982828 ], [ 30.025195248476329, -1.855321512244344 ], [ 30.02544651972347, -1.855528369075646 ], [ 30.02581201132525, -1.855643295867564 ], [ 30.026108971523072, -1.855850152834957 ], [ 30.026246037156181, -1.856217900286529 ], [ 30.026542997546205, -1.856608631921827 ], [ 30.026794284071482, -1.857091306998643 ], [ 30.026908505202112, -1.857528018167674 ], [ 30.027114088778635, -1.857780839610487 ], [ 30.027333233929394, -1.857987977937827 ], [ 30.027371844949212, -1.858446514629806 ], [ 30.027462846698221, -1.858716553115654 ], [ 30.027433908685392, -1.859205884675351 ], [ 30.027613960151619, -1.85946950106357 ], [ 30.027707805762876, -1.859606927182597 ], [ 30.027729009308878, -1.859835844110793 ], [ 30.027825901789114, -1.86006585422395 ], [ 30.027708040713726, -1.860378093116909 ], [ 30.028162441478102, -1.860790665327832 ], [ 30.028045314135412, -1.861402329714307 ], [ 30.027957703292969, -1.861796669605311 ], [ 30.027905264192704, -1.86199660459058 ], [ 30.027915686049756, -1.862300250071999 ], [ 30.027730917237903, -1.862630579029844 ], [ 30.02782229419282, -1.863021325400238 ], [ 30.027913670091912, -1.863228181659541 ], [ 30.028119269813033, -1.863710858123008 ], [ 30.028347712946609, -1.864032642446277 ], [ 30.028553294954254, -1.864239498623685 ], [ 30.028667516351504, -1.864469337449576 ], [ 30.028804581556873, -1.864791120488649 ], [ 30.029033008690092, -1.864997977133942 ], [ 30.029284280102981, -1.865158869207543 ], [ 30.029673445199197, -1.864696081720941 ], [ 30.029786821986757, -1.864561249787946 ], [ 30.030015249597444, -1.864101557269298 ], [ 30.030100031949253, -1.863850157552408 ], [ 30.030681451137106, -1.863597976798823 ], [ 30.031119538771861, -1.863241351595029 ], [ 30.03151739159474, -1.862884336285084 ], [ 30.032087841266947, -1.862483153430841 ], [ 30.032519492358276, -1.862321183768812 ], [ 30.032969157307996, -1.861941763940694 ], [ 30.033407995136866, -1.861373236333865 ], [ 30.033891959054056, -1.861045686741442 ], [ 30.03438114131222, -1.860653550127525 ], [ 30.03500418577908, -1.860220135224744 ], [ 30.035510760674022, -1.860001607166258 ], [ 30.036103117569834, -1.859904162276654 ], [ 30.036655144243984, -1.859834965818957 ], [ 30.036943025909359, -1.859694524898882 ], [ 30.037724965798436, -1.859621796799715 ], [ 30.038454716171582, -1.859680290744025 ], [ 30.038713112879758, -1.8597514879002 ], [ 30.038873975246108, -1.859653621933057 ], [ 30.039306391305857, -1.859390598197446 ], [ 30.0394050959646, -1.859110919195827 ], [ 30.039538411008088, -1.858797197714497 ], [ 30.039856185123739, -1.858330614543129 ], [ 30.040340116712574, -1.857182981966719 ], [ 30.040742062350212, -1.85650641684082 ], [ 30.04118527550742, -1.856125669172871 ], [ 30.041687818002895, -1.855757904276673 ], [ 30.042053294387848, -1.855413139072507 ], [ 30.042464459634175, -1.855114320568739 ], [ 30.043035519254616, -1.854792521415275 ], [ 30.043378151232488, -1.85444773931671 ], [ 30.043720799839324, -1.854309830226732 ], [ 30.044360392095601, -1.854148921584181 ], [ 30.044482909674244, -1.854020168205099 ], [ 30.045182722874568, -1.853551303326107 ], [ 30.045452852781278, -1.853480387481828 ], [ 30.045708109131709, -1.853413377398462 ], [ 30.046005052736287, -1.853183522656934 ], [ 30.04631873186629, -1.852865612875169 ], [ 30.046578409221858, -1.85257599928593 ], [ 30.04703909141671, -1.852328395630214 ], [ 30.047344472925435, -1.852119414248153 ], [ 30.047909532106093, -1.851615083916818 ], [ 30.048117333554565, -1.851365074674874 ], [ 30.048516139249301, -1.850738911114624 ], [ 30.048666564074495, -1.850465451900771 ], [ 30.048749425993776, -1.849790448532901 ], [ 30.049040899677824, -1.848636363893262 ], [ 30.049054650219269, -1.848000795543075 ], [ 30.049211763010803, -1.84745823504459 ], [ 30.049552723790995, -1.846940326504563 ], [ 30.049927871485099, -1.846502912998795 ], [ 30.050418819731959, -1.845826081831834 ], [ 30.050765655644163, -1.845399291729007 ], [ 30.050834469662878, -1.845314611511436 ], [ 30.051422826409624, -1.844724601773941 ], [ 30.05175102159312, -1.844561647369531 ], [ 30.052050278439079, -1.844455673211579 ], [ 30.052596945455328, -1.844277625983916 ], [ 30.05295920478331, -1.844235253447169 ], [ 30.053332462232451, -1.844330449177825 ], [ 30.053768596629936, -1.844523587630399 ], [ 30.054450096814364, -1.844659246963597 ], [ 30.054730759779289, -1.844678979734514 ], [ 30.054859918226516, -1.844978515133564 ], [ 30.055213832397051, -1.844756504132893 ], [ 30.055550356184384, -1.844711351588326 ], [ 30.055779610711557, -1.844832824682082 ], [ 30.055872175840872, -1.844853807715728 ], [ 30.056050882993961, -1.844873305623076 ], [ 30.056314481917688, -1.844607688301714 ], [ 30.056547205333178, -1.844334478166974 ], [ 30.056758163168421, -1.844305808484821 ], [ 30.056928871118849, -1.844292762639254 ], [ 30.056770226335182, -1.844090531796355 ], [ 30.056634457307357, -1.843817336148274 ], [ 30.056556861750803, -1.843505098946511 ], [ 30.056343512961735, -1.843017236329058 ], [ 30.05611077315228, -1.842705013980781 ], [ 30.05608791278712, -1.842060165299337 ], [ 30.056071944039417, -1.841299951973824 ], [ 30.055819438589612, -1.840760875114624 ], [ 30.055752123724364, -1.840422263769051 ], [ 30.055955534563157, -1.839855845470397 ], [ 30.056168852258679, -1.839250883692821 ], [ 30.056285197775654, -1.838880105196677 ], [ 30.056595485630321, -1.837904347390802 ], [ 30.05694107109365, -1.83739731425768 ], [ 30.057165404308339, -1.83714899207507 ], [ 30.057434613389702, -1.836765214344964 ], [ 30.05763302342136, -1.836157752979 ], [ 30.057791135853996, -1.835813017578545 ], [ 30.05786573175353, -1.835650360647404 ], [ 30.057982077788104, -1.835201509907078 ], [ 30.058119003120726, -1.834972279783756 ], [ 30.058287678128707, -1.834412643023381 ], [ 30.058455431976174, -1.834110715780032 ], [ 30.058831190360877, -1.833501503764363 ], [ 30.059033584859318, -1.833159800319749 ], [ 30.05935191941921, -1.832532871924926 ], [ 30.059561190197631, -1.831870523431629 ], [ 30.059631347019938, -1.831539037390413 ], [ 30.059783788051618, -1.831311120792223 ], [ 30.060401490324942, -1.831198911059725 ], [ 30.060551680924085, -1.831171617797209 ], [ 30.060881374903389, -1.830878893034334 ], [ 30.061309040744717, -1.830685972727337 ], [ 30.061443794016597, -1.830625180898313 ], [ 30.061986821644162, -1.830312927824989 ], [ 30.062471675315059, -1.830039701844519 ], [ 30.062743181331889, -1.829883574272188 ], [ 30.062975702312016, -1.829428458535267 ], [ 30.063518916817188, -1.828927315122397 ], [ 30.064003755495442, -1.828654090551666 ], [ 30.065070435611837, -1.828361333936704 ], [ 30.065632854356139, -1.828185677276184 ], [ 30.066168975942283, -1.827861971984098 ], [ 30.066602547930806, -1.827600198061539 ], [ 30.067145574530898, -1.827600182244554 ], [ 30.067296827935344, -1.827545375016381 ], [ 30.067630429409377, -1.827424526075404 ], [ 30.067785574198993, -1.827424525619216 ], [ 30.068037704030644, -1.827424509698859 ], [ 30.068406181440785, -1.827287897435465 ], [ 30.068949209163968, -1.827131754909028 ], [ 30.069375875232755, -1.82695609871287 ], [ 30.069880120480882, -1.826819485396028 ], [ 30.070229221317145, -1.826878011326758 ], [ 30.070717638708103, -1.826954207344095 ], [ 30.071111663167574, -1.827160939018601 ], [ 30.071771052815006, -1.827063337863597 ], [ 30.072275298122914, -1.826887681484794 ], [ 30.07287651416528, -1.826829123767651 ], [ 30.073264398545941, -1.826809593487714 ], [ 30.073729846314563, -1.826614423885277 ], [ 30.074088400540266, -1.826213162498135 ], [ 30.074447423693865, -1.826224098655118 ], [ 30.075300756361482, -1.826185024124982 ], [ 30.075572277206412, -1.826145995597175 ], [ 30.076057116253708, -1.826009366912957 ], [ 30.076230682814185, -1.826005383555508 ], [ 30.076910463964857, -1.825989806029738 ], [ 30.077162578598156, -1.825892221299518 ], [ 30.077389739386547, -1.826053081453527 ], [ 30.07767685561398, -1.826062440000988 ], [ 30.077782014075094, -1.82604615985142 ], [ 30.077883297584183, -1.826030474992659 ], [ 30.078442591188455, -1.825970229544508 ], [ 30.078562578346983, -1.825980572084275 ], [ 30.079121386767596, -1.826028739230607 ], [ 30.079275922691433, -1.826024646077225 ], [ 30.079825293958066, -1.826010100679038 ], [ 30.080086627286736, -1.826261874247164 ], [ 30.080265647800285, -1.826048207131334 ], [ 30.080573826031614, -1.825996507573678 ], [ 30.08082836262237, -1.825953808761699 ], [ 30.081429282130181, -1.825853004972561 ], [ 30.081991716255732, -1.825716375685815 ], [ 30.082100953803327, -1.825623962133518 ], [ 30.082356552584649, -1.825538219390025 ], [ 30.082661825267511, -1.82557879429045 ], [ 30.082928456610709, -1.825454335984637 ], [ 30.083267541027102, -1.825443321208048 ], [ 30.08341074724235, -1.825371249784715 ], [ 30.083581611539319, -1.825285289231665 ], [ 30.083790756324795, -1.825140581954251 ], [ 30.083940555944864, -1.825036951216643 ], [ 30.084394722735734, -1.824698184471397 ], [ 30.084533679372768, -1.824594537014015 ], [ 30.085047330846248, -1.824455096259337 ], [ 30.085231272337886, -1.824405162783425 ], [ 30.085623108792749, -1.824359651152458 ], [ 30.086004477221856, -1.824088738413373 ], [ 30.08616991796989, -1.823973481853946 ], [ 30.086296124016808, -1.823885553311525 ], [ 30.086486800593459, -1.823761392104225 ], [ 30.086614052651019, -1.823687507784786 ], [ 30.086780525202407, -1.823590875549937 ], [ 30.087070078277861, -1.823422749613258 ], [ 30.087473899710062, -1.823151852670086 ], [ 30.08767579407408, -1.82310668452391 ], [ 30.087801859990346, -1.823042002053041 ], [ 30.088095726430634, -1.822891203193214 ], [ 30.088273526469202, -1.822799961692932 ], [ 30.088438546147337, -1.822700313947657 ], [ 30.088662894621649, -1.822542297306066 ], [ 30.088887227292101, -1.822429416293858 ], [ 30.088971870814163, -1.82237616985272 ], [ 30.089246173281595, -1.822203654140279 ], [ 30.089784575465458, -1.821865012139771 ], [ 30.090412730155919, -1.821548946852054 ], [ 30.09081653585584, -1.821413474243966 ], [ 30.09096583537967, -1.821299796347605 ], [ 30.091352798035388, -1.820981887950125 ], [ 30.091635740653917, -1.820754173796401 ], [ 30.091646569740153, -1.820623340991281 ], [ 30.091769932066537, -1.820586093967093 ], [ 30.091926966419649, -1.820638324214462 ], [ 30.092207457080324, -1.821052224823485 ], [ 30.092835611925707, -1.820894176006347 ], [ 30.093486187788731, -1.820668398814078 ], [ 30.094024622398827, -1.820668367933947 ], [ 30.094316254065479, -1.820600639187942 ], [ 30.094675198695299, -1.820352301839413 ], [ 30.094778966582336, -1.820104276400449 ], [ 30.094854656845563, -1.819923387016248 ], [ 30.095182412924167, -1.819556888513786 ], [ 30.095258446125285, -1.819471879789314 ], [ 30.095493810973242, -1.819282395954049 ], [ 30.095594953820587, -1.819200981970677 ], [ 30.095858787242683, -1.81911648959353 ], [ 30.096088495334243, -1.819042932897009 ], [ 30.096671790304956, -1.818975173666909 ], [ 30.096977296840162, -1.818631578529486 ], [ 30.097053141140943, -1.818546258614225 ], [ 30.097255037003009, -1.818275345168615 ], [ 30.097389633799512, -1.817869005805365 ], [ 30.097613950176072, -1.817507818910758 ], [ 30.097793407686893, -1.817101480699883 ], [ 30.098017709347687, -1.816537109189492 ], [ 30.098107429706907, -1.816063057001212 ], [ 30.098127602172092, -1.815920912620981 ], [ 30.098174712880734, -1.815588989754199 ], [ 30.098207432359477, -1.815479187800663 ], [ 30.098309292481147, -1.815137499310705 ], [ 30.098376576608452, -1.814798887836128 ], [ 30.098422686844842, -1.814350803857774 ], [ 30.098522391176736, -1.814137384500094 ], [ 30.098609596895233, -1.813955963436459 ], [ 30.098710426443873, -1.813740638333092 ], [ 30.098711286226095, -1.813567044584409 ], [ 30.098753443511661, -1.81330678602922 ], [ 30.098803272401206, -1.813227449507987 ], [ 30.098790865194214, -1.813137755029778 ], [ 30.098975712809963, -1.812952927858365 ], [ 30.099098966615369, -1.812883168123924 ], [ 30.09930119009185, -1.812768694375997 ], [ 30.09946605209781, -1.812739821577764 ], [ 30.099769074195891, -1.812686778745283 ], [ 30.099925641041821, -1.812664264645138 ], [ 30.10005387813635, -1.812645828460091 ], [ 30.100233256860218, -1.812671608857044 ], [ 30.100338682074309, -1.812686747085186 ], [ 30.100582811262509, -1.812809549553937 ], [ 30.100867615309419, -1.813014233132729 ], [ 30.101233811493771, -1.813239385202454 ], [ 30.101817870517728, -1.81351590664709 ], [ 30.10192548200034, -1.813566855424032 ], [ 30.102430010139749, -1.813686282827586 ], [ 30.102617154304841, -1.813730574806443 ], [ 30.103288497703478, -1.814058046541402 ], [ 30.103700256076078, -1.814185503174634 ], [ 30.103817415305528, -1.814221781114097 ], [ 30.104407381850379, -1.814569733835327 ], [ 30.104915971205067, -1.814794870503288 ], [ 30.105424560392326, -1.814999540236874 ], [ 30.105553860540393, -1.815067673858005 ], [ 30.105751582915342, -1.815117529048093 ], [ 30.10585177307804, -1.815142792559381 ], [ 30.106014526611478, -1.815224660046347 ], [ 30.106441739685287, -1.81544981191001 ], [ 30.107092722631474, -1.815715882098486 ], [ 30.107703048379364, -1.816125235509249 ], [ 30.108211655121504, -1.816780239603074 ], [ 30.108878903277212, -1.817522672438267 ], [ 30.109217677199549, -1.817850862885196 ], [ 30.10997506969662, -1.818508257079107 ], [ 30.110634583618328, -1.819249721878577 ], [ 30.111161565068244, -1.819482044972133 ], [ 30.111461633356498, -1.819620423331873 ], [ 30.111649810104232, -1.819707180848783 ], [ 30.111934612632627, -1.819850448621936 ], [ 30.112014598407338, -1.819914817786311 ], [ 30.112138054919996, -1.820014199972204 ], [ 30.112687332759972, -1.820259803028361 ], [ 30.113399365302374, -1.820648673901202 ], [ 30.113498820082889, -1.820694529499742 ], [ 30.113887610002283, -1.820873810937409 ], [ 30.114311510015284, -1.820936976890637 ], [ 30.114436887871538, -1.820955662038904 ], [ 30.114561764909965, -1.820900667182137 ], [ 30.114762363799667, -1.820812346666423 ], [ 30.114879163002865, -1.820731916488759 ], [ 30.115148856878655, -1.820546214912995 ], [ 30.115413315679277, -1.820443847750967 ], [ 30.115718447179173, -1.820321015674485 ], [ 30.116060563957028, -1.820243257078534 ], [ 30.116349070249605, -1.820177684825782 ], [ 30.116470791640552, -1.820184120215591 ], [ 30.116735594857673, -1.820198134611733 ], [ 30.116918363601926, -1.820175137037389 ], [ 30.117223823976374, -1.820136687962032 ], [ 30.117528549623042, -1.820092862839662 ], [ 30.117793430340527, -1.820054772681543 ], [ 30.117952715461943, -1.819960483366764 ], [ 30.118139250058999, -1.819850055971968 ], [ 30.118464711591223, -1.819604406096059 ], [ 30.118830875805401, -1.819358739903149 ], [ 30.118973269472452, -1.819276857043438 ], [ 30.119048020653484, -1.819110027405137 ], [ 30.119095318986009, -1.81901074020637 ], [ 30.119278041192768, -1.818774323237574 ], [ 30.119380090977145, -1.818642272351519 ], [ 30.119550750138153, -1.818345611731237 ], [ 30.119603844688022, -1.818253322760031 ], [ 30.119705534587588, -1.817966739569375 ], [ 30.119827568623847, -1.817495936884942 ], [ 30.119949602612277, -1.817107003090465 ], [ 30.120214014668239, -1.816595235619319 ], [ 30.120280187569971, -1.8164370774643 ], [ 30.12053945895234, -1.815817367952691 ], [ 30.120611304529099, -1.815714610513719 ], [ 30.120860762437466, -1.815357877344456 ], [ 30.120925936440866, -1.815264666800305 ], [ 30.121251396257396, -1.814916665445106 ], [ 30.121617560445873, -1.814609583974626 ], [ 30.121731593813976, -1.8145521980289 ], [ 30.121820971630168, -1.814507233637203 ], [ 30.122105758768836, -1.814302517671446 ], [ 30.122227808152342, -1.814179684336005 ], [ 30.122423406604995, -1.814066381592109 ], [ 30.122532940022094, -1.813831684155743 ], [ 30.122695661302828, -1.813626967372399 ], [ 30.122736335165619, -1.813319916912304 ], [ 30.122858383962285, -1.813176633049694 ], [ 30.12287869662612, -1.812890048938823 ], [ 30.122899025530526, -1.812644414647564 ], [ 30.122897822049733, -1.812365627447992 ], [ 30.123122764672882, -1.812194063477536 ], [ 30.123267002408774, -1.812131162765934 ], [ 30.123733043903258, -1.811927914740572 ], [ 30.123911875892258, -1.811855921893256 ], [ 30.124139896948272, -1.81176413358812 ], [ 30.124546749613874, -1.811661750848494 ], [ 30.124892569468393, -1.811559384915208 ], [ 30.124994275046028, -1.811518436181705 ], [ 30.12529940613204, -1.811395603514252 ], [ 30.125499020278482, -1.811258162261084 ], [ 30.125685914486144, -1.811129469702569 ], [ 30.125770807036272, -1.811049212048536 ], [ 30.126021547042747, -1.810812170191249 ], [ 30.126387695860757, -1.810566504435342 ], [ 30.126713171158453, -1.810300371085143 ], [ 30.126991255107164, -1.810093514966565 ], [ 30.127181041609429, -1.809952355143608 ], [ 30.127404796836959, -1.809829523362626 ], [ 30.127648051182113, -1.809571499528304 ], [ 30.127821321158017, -1.809377750744957 ], [ 30.128093765214803, -1.808923853781973 ], [ 30.128103514119378, -1.808654736216674 ], [ 30.12810349934815, -1.808392822372637 ], [ 30.128096185867182, -1.808193996145354 ], [ 30.128167531403022, -1.807956485588386 ], [ 30.128224438522572, -1.807498073526344 ], [ 30.128248844605469, -1.807301450995549 ], [ 30.128244330081621, -1.807178805370863 ], [ 30.128228469430553, -1.806748780975669 ], [ 30.128269094710635, -1.805929994320168 ], [ 30.128228343712333, -1.804967924349252 ], [ 30.128471958560603, -1.804311232124055 ], [ 30.128537022718923, -1.804136606507526 ], [ 30.128919874640943, -1.803146069632452 ], [ 30.129447949163009, -1.802477723095097 ], [ 30.129534684692413, -1.802193966939687 ], [ 30.129968459318114, -1.801299046364369 ], [ 30.129997897643243, -1.800935266880173 ], [ 30.13007346134556, -1.800740877361239 ], [ 30.130180947935884, -1.800464448440133 ], [ 30.13033967015523, -1.800033111821686 ], [ 30.130384327757355, -1.799911748791291 ], [ 30.130553986693492, -1.799400090004434 ], [ 30.130496376733547, -1.799229871495673 ], [ 30.130440390436146, -1.799064448253765 ], [ 30.130480765958026, -1.798614581651774 ], [ 30.130475750679391, -1.798263940848655 ], [ 30.130435015863217, -1.797527038830631 ], [ 30.130373919506386, -1.796585434403963 ], [ 30.130373872808505, -1.795787114668522 ], [ 30.130322996244658, -1.795490313543249 ], [ 30.130445014571386, -1.795080912436964 ], [ 30.130444468178798, -1.794625749593372 ], [ 30.130363558636663, -1.793934608285291 ], [ 30.130343215278355, -1.793770857502295 ], [ 30.130302510846978, -1.793586639599008 ], [ 30.130302479941427, -1.793238654781396 ], [ 30.13031268273263, -1.793074262363153 ], [ 30.130343120501276, -1.792583618480064 ], [ 30.130331307101315, -1.792482643961367 ], [ 30.130261712844082, -1.791887649231141 ], [ 30.130292150214665, -1.790894863564528 ], [ 30.130210725751351, -1.79003514295072 ], [ 30.130499075913718, -1.789413275857402 ], [ 30.130637845239878, -1.789113990175119 ], [ 30.130773581683336, -1.7888632003372 ], [ 30.131095839325823, -1.788267815709915 ], [ 30.131319234948837, -1.787855055388955 ], [ 30.131382079407135, -1.787709599235911 ], [ 30.131522629915047, -1.787384237212385 ], [ 30.131766712537992, -1.787015755356378 ], [ 30.13197010764701, -1.78652446946725 ], [ 30.132051469439993, -1.786360718579199 ], [ 30.132214191185213, -1.786033185138994 ], [ 30.132336224123023, -1.785664718383003 ], [ 30.13236766378564, -1.78555397812283 ], [ 30.132458242735055, -1.785234850410077 ], [ 30.13252694829772, -1.784900552153313 ], [ 30.132580260354327, -1.784641215717607 ], [ 30.13263644967213, -1.784282903443823 ], [ 30.132671763178418, -1.784057829731947 ], [ 30.132769327875518, -1.78366495908682 ], [ 30.132793781723983, -1.783566546059471 ], [ 30.132813828682384, -1.78343193279322 ], [ 30.132829062900981, -1.783329707279122 ], [ 30.132854782378931, -1.783157144742711 ], [ 30.132859844630936, -1.782981831468422 ], [ 30.132888126664511, -1.782595928293069 ], [ 30.13290814274529, -1.782394384015844 ], [ 30.13288112650346, -1.782244366881201 ], [ 30.13288522044575, -1.782102956935104 ], [ 30.132844484885421, -1.781570754238468 ], [ 30.132864796934765, -1.781059003026164 ], [ 30.132885110493344, -1.780731485300341 ], [ 30.132874985149147, -1.780568593013055 ], [ 30.1328647500271, -1.78040398318513 ], [ 30.132905407549966, -1.780035515971465 ], [ 30.132810577394267, -1.779739292373161 ], [ 30.132712105284376, -1.779431679307463 ], [ 30.134411191087377, -1.779404149851688 ], [ 30.134870294257084, -1.779389900922816 ], [ 30.135346070726762, -1.779375120642083 ], [ 30.135935755740018, -1.779389556341541 ], [ 30.1366548968142, -1.779389509221583 ], [ 30.13757136968724, -1.779829032534193 ], [ 30.138035333726002, -1.779632909601168 ], [ 30.13839720080799, -1.779566680308774 ], [ 30.138696285227887, -1.779511935861753 ], [ 30.139197015309971, -1.779632830819883 ], [ 30.13952750693332, -1.779712323904418 ], [ 30.140118349430828, -1.779854451808879 ], [ 30.140554577208523, -1.779922695227347 ], [ 30.141019665089903, -1.779995454039261 ], [ 30.141720697042377, -1.780237244949977 ], [ 30.142501839630992, -1.780539498957094 ], [ 30.143102806329473, -1.781849460491286 ], [ 30.143303153913056, -1.7825145263563 ], [ 30.143603645940523, -1.783280364284254 ], [ 30.14412448643505, -1.784469398729964 ], [ 30.14442597735011, -1.785437031434433 ], [ 30.144545199150912, -1.78581968500309 ], [ 30.144681030037031, -1.786229631680774 ], [ 30.144805641757223, -1.786605676895139 ], [ 30.14503811697487, -1.787387435416541 ], [ 30.145156244519189, -1.78778464971447 ], [ 30.145372187073828, -1.788409235378995 ], [ 30.145476768124059, -1.788711724248047 ], [ 30.14555603513719, -1.789468827843463 ], [ 30.145597035944327, -1.789860480457453 ], [ 30.145436861318974, -1.790545732994282 ], [ 30.145507019313825, -1.791321663386344 ], [ 30.145807510187318, -1.791926249348001 ], [ 30.146128001940809, -1.792288998688383 ], [ 30.146509276118337, -1.792551210048897 ], [ 30.146949238407124, -1.792893554296824 ], [ 30.147705927086339, -1.793151186560369 ], [ 30.148251158183843, -1.793336826297935 ], [ 30.148901688814764, -1.793049101745158 ], [ 30.14934404204962, -1.792731114056728 ], [ 30.149744269238298, -1.7926674948659 ], [ 30.150253999683343, -1.792631279465317 ], [ 30.150902810894252, -1.792285872315911 ], [ 30.151977100827413, -1.792052611777086 ], [ 30.152861823327267, -1.791967759301651 ], [ 30.153556962538474, -1.791988897450777 ], [ 30.154652331251562, -1.791904014580877 ], [ 30.155431755313284, -1.792052328289597 ], [ 30.156190116082929, -1.792285416435501 ], [ 30.156758847138004, -1.792094605980336 ], [ 30.157159059340163, -1.791861407595997 ], [ 30.157538223488899, -1.7918613757376 ], [ 30.158016577647754, -1.791416337937369 ], [ 30.15854658930105, -1.791009872937614 ], [ 30.158901315587375, -1.790737834856782 ], [ 30.159237885552081, -1.790479733125389 ], [ 30.159956151763307, -1.790176103267352 ], [ 30.160546367788214, -1.789926610183933 ], [ 30.161014127999778, -1.789936170543106 ], [ 30.161517748278172, -1.789946466538434 ], [ 30.161828740207664, -1.78995282526048 ], [ 30.162388846212821, -1.790148308841922 ], [ 30.163111143530621, -1.790400395232824 ], [ 30.163922459292788, -1.790795328056108 ], [ 30.164701116402888, -1.791304251834288 ], [ 30.165330224597401, -1.791715432542593 ], [ 30.165687372732993, -1.791948849675703 ], [ 30.16646587462246, -1.792609744166041 ], [ 30.166595722282338, -1.792725608252014 ], [ 30.166682223574721, -1.792802788568892 ], [ 30.166786429338472, -1.792920185311383 ], [ 30.167143968968535, -1.793323070154314 ], [ 30.168023831671725, -1.794411489410308 ], [ 30.168348230525854, -1.795018107344483 ], [ 30.168766160846243, -1.795357779814551 ], [ 30.169250672797208, -1.795569698254384 ], [ 30.170114379627616, -1.79595114862432 ], [ 30.170683141575569, -1.796120663712509 ], [ 30.171315123851286, -1.796438558024267 ], [ 30.171947092107708, -1.796671646631439 ], [ 30.172267692846994, -1.796918936346007 ], [ 30.17257909067558, -1.797159102541728 ], [ 30.172993240445127, -1.79777206283159 ], [ 30.173193057183038, -1.798067771660445 ], [ 30.173485017731224, -1.798515590561415 ], [ 30.173674631637439, -1.798960691390474 ], [ 30.173843228545664, -1.799638959680008 ], [ 30.174032889859198, -1.800486806065002 ], [ 30.174496385025677, -1.801207429180602 ], [ 30.175224993663875, -1.801800782609932 ], [ 30.175644518687371, -1.802150562948487 ], [ 30.175770928614334, -1.802341327424905 ], [ 30.176770137954669, -1.802809644846466 ], [ 30.1776247353394, -1.803210187594811 ], [ 30.178340986144878, -1.803549265600099 ], [ 30.178658446653166, -1.803714454044765 ], [ 30.178951905981673, -1.803867143542867 ], [ 30.179363461599365, -1.803954853986673 ], [ 30.179759424022663, -1.80420644072573 ], [ 30.180051196059548, -1.804374161190466 ], [ 30.180332764691382, -1.80453494280268 ], [ 30.180822290740057, -1.804814432970982 ], [ 30.18138497644081, -1.805066004436604 ], [ 30.181712889720078, -1.805254518719079 ], [ 30.181968504023263, -1.805401458295852 ], [ 30.182572893621884, -1.805967564442263 ], [ 30.182864008728981, -1.806302269663249 ], [ 30.183156468769969, -1.806638520387439 ], [ 30.183581462340332, -1.80711502453071 ], [ 30.183823421350311, -1.807623995108913 ], [ 30.184231712110048, -1.808145198484161 ], [ 30.184577704198233, -1.808586877450677 ], [ 30.185063511971642, -1.809207040766792 ], [ 30.185396972766295, -1.809542510804481 ], [ 30.185855498188054, -1.810045716397542 ], [ 30.186120035432214, -1.810360250020157 ], [ 30.186314009272277, -1.810590870054329 ], [ 30.186855880543458, -1.811136009492262 ], [ 30.187456690928084, -1.811756156442043 ], [ 30.187668711971803, -1.812037600660511 ], [ 30.187867669289826, -1.812267173520632 ], [ 30.188418978157802, -1.81258272322191 ], [ 30.189023351342062, -1.812792344789792 ], [ 30.189377624684365, -1.81293909821178 ], [ 30.189898651459654, -1.813337453516022 ], [ 30.190336334289992, -1.813861639441929 ], [ 30.190899081167231, -1.814616463721726 ], [ 30.191051193665427, -1.815151994322227 ], [ 30.191149243010294, -1.815497134869177 ], [ 30.191267308878157, -1.815936549081258 ], [ 30.191357716291158, -1.816272971561692 ], [ 30.191545329675122, -1.816839109263869 ], [ 30.191899651436746, -1.817384279444466 ], [ 30.19247364799751, -1.817923542567279 ], [ 30.192846094193488, -1.818303337196507 ], [ 30.193170991510119, -1.81868422580269 ], [ 30.193692004248334, -1.818893863531013 ], [ 30.19431722073951, -1.819229301802241 ], [ 30.194942437461105, -1.819648607252242 ], [ 30.195400932929907, -1.819900193980549 ], [ 30.195796910374323, -1.820214682543148 ], [ 30.196276264081011, -1.820634018754135 ], [ 30.196808840056775, -1.821154628760656 ], [ 30.197118799820206, -1.821510894609893 ], [ 30.197287678481249, -1.821757418779379 ], [ 30.197516371760646, -1.822091232491343 ], [ 30.197740610301096, -1.822316822536738 ], [ 30.198037413954506, -1.822615405016408 ], [ 30.19863989597933, -1.8233033280817 ], [ 30.198847901875439, -1.823581052884248 ], [ 30.199022357761283, -1.823814001398872 ], [ 30.199392147196637, -1.824229870263825 ], [ 30.199840252269556, -1.824680657241595 ], [ 30.200277933227515, -1.825225812342333 ], [ 30.200444671506371, -1.825414497995271 ], [ 30.200715630633017, -1.825770951925964 ], [ 30.201153313392936, -1.826295122716249 ], [ 30.201382582910686, -1.826609641183164 ], [ 30.201736888233, -1.826987046028461 ], [ 30.201903658363157, -1.827490281209987 ], [ 30.202153772241374, -1.827825752271518 ], [ 30.202320542534199, -1.828224154070701 ], [ 30.202737411868519, -1.829062876385328 ], [ 30.202862523183171, -1.829629013060053 ], [ 30.203362769712633, -1.830488701547461 ], [ 30.20352950783418, -1.830740304521907 ], [ 30.203917125686669, -1.831011170406535 ], [ 30.20449412276723, -1.831481800007183 ], [ 30.205046962952924, -1.831932728835085 ], [ 30.205718744196471, -1.832270605308386 ], [ 30.206207613933991, -1.83274254682941 ], [ 30.206978694618797, -1.832889252349638 ], [ 30.207687256973855, -1.833056909041367 ], [ 30.208666778734948, -1.83364393460137 ], [ 30.209312839595508, -1.834021306958223 ], [ 30.209687973237671, -1.834209977851375 ], [ 30.210271517701965, -1.8345454162785 ], [ 30.211125973841035, -1.834755006888129 ], [ 30.211562437730507, -1.83484457641856 ], [ 30.212147138402671, -1.834964565425399 ], [ 30.212605632026484, -1.835195185582915 ], [ 30.213314194469721, -1.835383808500294 ], [ 30.21410618180041, -1.836033767234249 ], [ 30.214498456696443, -1.836675725198019 ], [ 30.214710664086983, -1.837207958651465 ], [ 30.214981638891732, -1.837732147151686 ], [ 30.21514842395522, -1.838319264974348 ], [ 30.215523604471585, -1.838864420199478 ], [ 30.21609038281218, -1.839316145521782 ], [ 30.216427703177921, -1.839780776116063 ], [ 30.216912042287184, -1.84036659861748 ], [ 30.217369083028196, -1.840838384756467 ], [ 30.21792042381438, -1.841128780149308 ], [ 30.21837893422763, -1.841464234430302 ], [ 30.219066668347732, -1.841673841242541 ], [ 30.219426020121343, -1.841808094029397 ], [ 30.219796091334874, -1.841946347570796 ], [ 30.220296259099882, -1.842114035353204 ], [ 30.221067338372169, -1.842197809266357 ], [ 30.221609177748483, -1.842302596435248 ], [ 30.222421946542852, -1.842512187112481 ], [ 30.222984631416121, -1.842637925371209 ], [ 30.223526470399293, -1.842658829299854 ], [ 30.22404746712991, -1.842784584225247 ], [ 30.224776873525318, -1.842931273926599 ], [ 30.225547969740777, -1.843182797473161 ], [ 30.226131512826285, -1.843371452342138 ], [ 30.226608320812328, -1.843467334725662 ], [ 30.226965109966748, -1.843539092774168 ], [ 30.227302101172537, -1.843634679041501 ], [ 30.227777894016768, -1.843769650360299 ], [ 30.228093260590022, -1.843823489241 ], [ 30.228882403373628, -1.843958227185563 ], [ 30.229632669309456, -1.844230733695482 ], [ 30.230241776921886, -1.844358925383431 ], [ 30.230528798003878, -1.844419326517834 ], [ 30.230926713376132, -1.844536049989664 ], [ 30.231529133591675, -1.844712768167372 ], [ 30.231907501556996, -1.844732375768083 ], [ 30.232297118879803, -1.844849928468812 ], [ 30.232968040654292, -1.844999852047114 ], [ 30.233638960712977, -1.845149776260953 ], [ 30.234533528508791, -1.845412189584235 ], [ 30.235223060262381, -1.845669056535001 ], [ 30.235539925993677, -1.845787092976979 ], [ 30.236397179329149, -1.845711974923563 ], [ 30.236934113440345, -1.84583194792128 ], [ 30.237361075582747, -1.846033196075434 ], [ 30.238149031133805, -1.846011759715642 ], [ 30.238964361043791, -1.846128858205559 ], [ 30.239553717575518, -1.846213491231292 ], [ 30.239975399227905, -1.84627404886148 ], [ 30.240944483041272, -1.846311418816476 ], [ 30.24176448572662, -1.846311309548282 ], [ 30.242375358569134, -1.846304606265087 ], [ 30.242979637347261, -1.846297966988876 ], [ 30.243944877246662, -1.846287374148478 ], [ 30.244686206108462, -1.84624801706934 ], [ 30.245564820378164, -1.846273061315955 ], [ 30.246252522359566, -1.846189100333095 ], [ 30.246877692450621, -1.846021255398334 ], [ 30.247773759787268, -1.845748545672674 ] ] ] } }
]
}
